location,latitude,longitude,start_date,end_date,rainfall_7d_mm,soil_moisture,elevation_m,slope_deg,flood_label
Mumbai_Coastal,19.076,72.8777,2020-06-15,2020-06-22,101.1905394672777,0.3779642164020565,14.74178209839114,3.14636493547981,1
Mumbai_Coastal,19.076,72.8777,2020-07-01,2020-07-08,623.6771070291741,0.3984449880472483,14.74178209839114,3.14636493547981,1
Mumbai_Coastal,19.076,72.8777,2020-07-20,2020-07-27,224.60359844902865,0.3728843520747583,14.74178209839114,3.14636493547981,1
Mumbai_Coastal,19.076,72.8777,2020-08-05,2020-08-12,138.24386038924712,0.3895614837303892,14.74178209839114,3.14636493547981,1
Mumbai_Coastal,19.076,72.8777,2020-09-01,2020-09-08,131.80465036373957,0.3499428627819699,14.74178209839114,3.14636493547981,1
Mumbai_Coastal,19.076,72.8777,2021-06-15,2021-06-22,46.750665147909125,0.3766452272339449,14.74178209839114,3.14636493547981,1
Mumbai_Coastal,19.076,72.8777,2021-07-01,2021-07-08,42.93986886159845,0.3365599170225506,14.74178209839114,3.14636493547981,1
Mumbai_Coastal,19.076,72.8777,2021-07-15,2021-07-22,571.5614682635622,0.4014215334310721,14.74178209839114,3.14636493547981,1
Mumbai_Coastal,19.076,72.8777,2021-08-01,2021-08-08,24.643764213701942,0.3599380567616295,14.74178209839114,3.14636493547981,1
Mumbai_Coastal,19.076,72.8777,2021-09-01,2021-09-08,288.3031793903125,0.3874499206016765,14.74178209839114,3.14636493547981,1
Mumbai_Coastal,19.076,72.8777,2022-06-15,2022-06-22,73.73539045172635,0.3590337428756939,14.74178209839114,3.14636493547981,1
Mumbai_Coastal,19.076,72.8777,2022-07-01,2022-07-08,519.263437007983,0.3992723979553899,14.74178209839114,3.14636493547981,1
Mumbai_Coastal,19.076,72.8777,2022-07-20,2022-07-27,0.0,0.3821618991689187,14.74178209839114,3.14636493547981,1
Mumbai_Coastal,19.076,72.8777,2022-08-01,2022-08-08,316.1570565392526,0.3691096807210179,14.74178209839114,3.14636493547981,1
Mumbai_Coastal,19.076,72.8777,2022-09-01,2022-09-08,183.5523328636632,0.3651786123772992,14.74178209839114,3.14636493547981,1
Mumbai_Coastal,19.076,72.8777,2023-06-15,2023-06-22,0.0,0.2508782225769835,14.74178209839114,3.14636493547981,1
Mumbai_Coastal,19.076,72.8777,2023-07-01,2023-07-08,337.7989449934525,0.4010415906750087,14.74178209839114,3.14636493547981,1
Mumbai_Coastal,19.076,72.8777,2023-07-25,2023-08-01,460.97132821972855,0.398979348931329,14.74178209839114,3.14636493547981,1
Mumbai_Coastal,19.076,72.8777,2023-08-05,2023-08-12,15.15440628327061,0.3500517347569388,14.74178209839114,3.14636493547981,1
Mumbai_Coastal,19.076,72.8777,2023-09-01,2023-09-08,102.84504459995593,0.3302421008633521,14.74178209839114,3.14636493547981,1
Mumbai_Coastal,19.076,72.8777,2024-06-15,2024-06-22,100.1191338589697,0.3600939264282791,14.74178209839114,3.14636493547981,1
Mumbai_Coastal,19.076,72.8777,2024-07-01,2024-07-08,347.0654717419516,0.3795560619453051,14.74178209839114,3.14636493547981,1
Mumbai_Coastal,19.076,72.8777,2024-07-20,2024-07-27,745.5676014792215,0.398809609737476,14.74178209839114,3.14636493547981,1
Mumbai_Coastal,19.076,72.8777,2024-08-01,2024-08-08,270.37830677823393,0.3860637448715511,14.74178209839114,3.14636493547981,1
Mumbai_Coastal,19.076,72.8777,2024-09-01,2024-09-08,97.82631945115718,0.381357380243327,14.74178209839114,3.14636493547981,1
Chennai_Delta,13.0827,80.2707,2020-06-15,2020-06-22,22.145073470832312,0.2015099509609894,6.4005454552566965,1.560707645909119,1
Chennai_Delta,13.0827,80.2707,2020-07-01,2020-07-08,63.215095288336656,0.3191479295327154,6.4005454552566965,1.560707645909119,1
Chennai_Delta,13.0827,80.2707,2020-07-20,2020-07-27,11.125723167332504,0.3484861346442305,6.4005454552566965,1.560707645909119,1
Chennai_Delta,13.0827,80.2707,2020-08-05,2020-08-12,47.95684566706229,0.3608299584879827,6.4005454552566965,1.560707645909119,1
Chennai_Delta,13.0827,80.2707,2020-09-01,2020-09-08,21.211437893701767,0.3032287373759289,6.4005454552566965,1.560707645909119,1
Chennai_Delta,13.0827,80.2707,2021-06-15,2021-06-22,11.53419498543241,0.1602629031057769,6.4005454552566965,1.560707645909119,1
Chennai_Delta,13.0827,80.2707,2021-07-01,2021-07-08,13.669419221024016,0.304121425117501,6.4005454552566965,1.560707645909119,1
Chennai_Delta,13.0827,80.2707,2021-07-15,2021-07-22,60.36633697094946,0.369819577746217,6.4005454552566965,1.560707645909119,1
Chennai_Delta,13.0827,80.2707,2021-08-01,2021-08-08,0.0087164439626339,0.1870689539946327,6.4005454552566965,1.560707645909119,1
Chennai_Delta,13.0827,80.2707,2021-09-01,2021-09-08,34.854087146487565,0.3822109923674286,6.4005454552566965,1.560707645909119,1
Chennai_Delta,13.0827,80.2707,2022-06-15,2022-06-22,41.75178634307023,0.2687323962071145,6.4005454552566965,1.560707645909119,1
Chennai_Delta,13.0827,80.2707,2022-07-01,2022-07-08,43.89168677096173,0.3052809642398872,6.4005454552566965,1.560707645909119,1
Chennai_Delta,13.0827,80.2707,2022-07-20,2022-07-27,49.74542717486302,0.34669397677298,6.4005454552566965,1.560707645909119,1
Chennai_Delta,13.0827,80.2707,2022-08-01,2022-08-08,62.97516891836866,0.3389872638622127,6.4005454552566965,1.560707645909119,1
Chennai_Delta,13.0827,80.2707,2022-09-01,2022-09-08,28.488368236433978,0.3392757149629815,6.4005454552566965,1.560707645909119,1
Chennai_Delta,13.0827,80.2707,2023-06-15,2023-06-22,137.80636256437566,0.202224488538233,6.4005454552566965,1.560707645909119,1
Chennai_Delta,13.0827,80.2707,2023-07-01,2023-07-08,28.877160831936383,0.2900498349009162,6.4005454552566965,1.560707645909119,1
Chennai_Delta,13.0827,80.2707,2023-07-25,2023-08-01,6.383997528728391,0.2835317444827733,6.4005454552566965,1.560707645909119,1
Chennai_Delta,13.0827,80.2707,2023-08-05,2023-08-12,12.795848220523231,0.1837395217067511,6.4005454552566965,1.560707645909119,1
Chennai_Delta,13.0827,80.2707,2023-09-01,2023-09-08,29.10798796318742,0.3076448282134096,6.4005454552566965,1.560707645909119,1
Chennai_Delta,13.0827,80.2707,2024-06-15,2024-06-22,22.650502793570315,0.3058783466765782,6.4005454552566965,1.560707645909119,1
Chennai_Delta,13.0827,80.2707,2024-07-01,2024-07-08,32.68171592142536,0.2939868918553012,6.4005454552566965,1.560707645909119,1
Chennai_Delta,13.0827,80.2707,2024-07-20,2024-07-27,14.617740949715126,0.2755543274736879,6.4005454552566965,1.560707645909119,1
Chennai_Delta,13.0827,80.2707,2024-08-01,2024-08-08,67.76621241203503,0.3163882622027053,6.4005454552566965,1.560707645909119,1
Chennai_Delta,13.0827,80.2707,2024-09-01,2024-09-08,33.43741102055954,0.287979328751168,6.4005454552566965,1.560707645909119,1
Kerala_Kochi,9.9312,76.2673,2020-06-15,2020-06-22,79.37219679510726,0.4449033908570935,3.417087075922515,1.5100971812307422,1
Kerala_Kochi,9.9312,76.2673,2020-07-01,2020-07-08,76.60436791691194,0.448576612973143,3.417087075922515,1.5100971812307422,1
Kerala_Kochi,9.9312,76.2673,2020-07-20,2020-07-27,237.557220162069,0.4340863070496207,3.417087075922515,1.5100971812307422,1
Kerala_Kochi,9.9312,76.2673,2020-08-05,2020-08-12,246.33699364788475,0.4470395504466071,3.417087075922515,1.5100971812307422,1
Kerala_Kochi,9.9312,76.2673,2020-09-01,2020-09-08,192.5892082319827,0.4248664413252293,3.417087075922515,1.5100971812307422,1
Kerala_Kochi,9.9312,76.2673,2021-06-15,2021-06-22,60.22561047555788,0.4457123838036009,3.417087075922515,1.5100971812307422,1
Kerala_Kochi,9.9312,76.2673,2021-07-01,2021-07-08,148.43618693803765,0.4375601580741139,3.417087075922515,1.5100971812307422,1
Kerala_Kochi,9.9312,76.2673,2021-07-15,2021-07-22,196.48902087052068,0.4468000533798889,3.417087075922515,1.5100971812307422,1
Kerala_Kochi,9.9312,76.2673,2021-08-01,2021-08-08,64.69557560797516,0.4367859168686423,3.417087075922515,1.5100971812307422,1
Kerala_Kochi,9.9312,76.2673,2021-09-01,2021-09-08,70.84176526304515,0.4474651171285037,3.417087075922515,1.5100971812307422,1
Kerala_Kochi,9.9312,76.2673,2022-06-15,2022-06-22,120.13657517371124,0.4419495281150153,3.417087075922515,1.5100971812307422,1
Kerala_Kochi,9.9312,76.2673,2022-07-01,2022-07-08,187.74781011382885,0.4444619600077379,3.417087075922515,1.5100971812307422,1
Kerala_Kochi,9.9312,76.2673,2022-07-20,2022-07-27,339.8966254673925,0.4393012739823112,3.417087075922515,1.5100971812307422,1
Kerala_Kochi,9.9312,76.2673,2022-08-01,2022-08-08,211.25664379871463,0.4479072199749915,3.417087075922515,1.5100971812307422,1
Kerala_Kochi,9.9312,76.2673,2022-09-01,2022-09-08,127.06228070587028,0.4447577659799818,3.417087075922515,1.5100971812307422,1
Kerala_Kochi,9.9312,76.2673,2023-06-15,2023-06-22,369.2978937191591,0.4417558174857586,3.417087075922515,1.5100971812307422,1
Kerala_Kochi,9.9312,76.2673,2023-07-01,2023-07-08,268.1193875309259,0.4463009219906007,3.417087075922515,1.5100971812307422,1
Kerala_Kochi,9.9312,76.2673,2023-07-25,2023-08-01,34.20833570008828,0.4329890625793227,3.417087075922515,1.5100971812307422,1
Kerala_Kochi,9.9312,76.2673,2023-08-05,2023-08-12,73.58202235184638,0.4101118422217848,3.417087075922515,1.5100971812307422,1
Kerala_Kochi,9.9312,76.2673,2023-09-01,2023-09-08,87.76575886405533,0.4484034646814978,3.417087075922515,1.5100971812307422,1
Kerala_Kochi,9.9312,76.2673,2024-06-15,2024-06-22,146.01055566418125,0.4420753767168671,3.417087075922515,1.5100971812307422,1
Kerala_Kochi,9.9312,76.2673,2024-07-01,2024-07-08,133.89441841065215,0.4413884277452199,3.417087075922515,1.5100971812307422,1
Kerala_Kochi,9.9312,76.2673,2024-07-20,2024-07-27,147.2330897882525,0.446832624131961,3.417087075922515,1.5100971812307422,1
Kerala_Kochi,9.9312,76.2673,2024-08-01,2024-08-08,90.34360997605944,0.4405653129823196,3.417087075922515,1.5100971812307422,1
Kerala_Kochi,9.9312,76.2673,2024-09-01,2024-09-08,21.44760707364206,0.4419247424594036,3.417087075922515,1.5100971812307422,1
Kerala_Kannur,11.8745,75.3704,2020-06-15,2020-06-22,333.3276333474436,0.4202190818554985,11.603694812895696,2.348343818537105,1
Kerala_Kannur,11.8745,75.3704,2020-07-01,2020-07-08,261.6157670405239,0.4250797748413281,11.603694812895696,2.348343818537105,1
Kerala_Kannur,11.8745,75.3704,2020-07-20,2020-07-27,169.40314458376994,0.4021454538617815,11.603694812895696,2.348343818537105,1
Kerala_Kannur,11.8745,75.3704,2020-08-05,2020-08-12,255.31390987595117,0.4282560967225624,11.603694812895696,2.348343818537105,1
Kerala_Kannur,11.8745,75.3704,2020-09-01,2020-09-08,148.7295074584925,0.3867777107850779,11.603694812895696,2.348343818537105,1
Kerala_Kannur,11.8745,75.3704,2021-06-15,2021-06-22,150.81746323119972,0.421537395024993,11.603694812895696,2.348343818537105,1
Kerala_Kannur,11.8745,75.3704,2021-07-01,2021-07-08,137.1126698154974,0.3956951090763003,11.603694812895696,2.348343818537105,1
Kerala_Kannur,11.8745,75.3704,2021-07-15,2021-07-22,401.6846451311881,0.425396966492265,11.603694812895696,2.348343818537105,1
Kerala_Kannur,11.8745,75.3704,2021-08-01,2021-08-08,52.38520483044087,0.4087988372502826,11.603694812895696,2.348343818537105,1
Kerala_Kannur,11.8745,75.3704,2021-09-01,2021-09-08,99.99974670590947,0.4210692977478574,11.603694812895696,2.348343818537105,1
Kerala_Kannur,11.8745,75.3704,2022-06-15,2022-06-22,119.27043030860864,0.4144971383650413,11.603694812895696,2.348343818537105,1
Kerala_Kannur,11.8745,75.3704,2022-07-01,2022-07-08,396.9959118034039,0.4274322301597023,11.603694812895696,2.348343818537105,1
Kerala_Kannur,11.8745,75.3704,2022-07-20,2022-07-27,127.19794205941297,0.395246562122651,11.603694812895696,2.348343818537105,1
Kerala_Kannur,11.8745,75.3704,2022-08-01,2022-08-08,303.3698995355182,0.4233550965957423,11.603694812895696,2.348343818537105,1
Kerala_Kannur,11.8745,75.3704,2022-09-01,2022-09-08,163.5741486897401,0.4031133249416333,11.603694812895696,2.348343818537105,1
Kerala_Kannur,11.8745,75.3704,2023-06-15,2023-06-22,129.57970813823536,0.3914472091384649,11.603694812895696,2.348343818537105,1
Kerala_Kannur,11.8745,75.3704,2023-07-01,2023-07-08,360.2155982401699,0.4312087089804348,11.603694812895696,2.348343818537105,1
Kerala_Kannur,11.8745,75.3704,2023-07-25,2023-08-01,94.78740451957378,0.40634476974697,11.603694812895696,2.348343818537105,1
Kerala_Kannur,11.8745,75.3704,2023-08-05,2023-08-12,114.80096636406051,0.3711614143966524,11.603694812895696,2.348343818537105,1
Kerala_Kannur,11.8745,75.3704,2023-09-01,2023-09-08,24.00854465249591,0.366871886529188,11.603694812895696,2.348343818537105,1
Kerala_Kannur,11.8745,75.3704,2024-06-15,2024-06-22,68.4172046156291,0.4122156385188288,11.603694812895696,2.348343818537105,1
Kerala_Kannur,11.8745,75.3704,2024-07-01,2024-07-08,214.5609403537913,0.4191288827668749,11.603694812895696,2.348343818537105,1
Kerala_Kannur,11.8745,75.3704,2024-07-20,2024-07-27,223.62822955795937,0.4181554781510526,11.603694812895696,2.348343818537105,1
Kerala_Kannur,11.8745,75.3704,2024-08-01,2024-08-08,186.2110164009564,0.41519773924606,11.603694812895696,2.348343818537105,1
Kerala_Kannur,11.8745,75.3704,2024-09-01,2024-09-08,1.167082612096416,0.4066044488018716,11.603694812895696,2.348343818537105,1
Assam_Guwahati,26.1445,91.7362,2020-06-15,2020-06-22,70.8499688713055,0.4804097850179298,101.9368048328438,7.443671500511549,1
Assam_Guwahati,26.1445,91.7362,2020-07-01,2020-07-08,76.92721575429395,0.4732017626488259,101.9368048328438,7.443671500511549,1
Assam_Guwahati,26.1445,91.7362,2020-07-20,2020-07-27,49.34706653829113,0.4750476867433578,101.9368048328438,7.443671500511549,1
Assam_Guwahati,26.1445,91.7362,2020-08-05,2020-08-12,42.32025202587798,0.4730777271082994,101.9368048328438,7.443671500511549,1
Assam_Guwahati,26.1445,91.7362,2020-09-01,2020-09-08,60.08930066333788,0.470878253797857,101.9368048328438,7.443671500511549,1
Assam_Guwahati,26.1445,91.7362,2021-06-15,2021-06-22,52.82884074649549,0.4691163039261523,101.9368048328438,7.443671500511549,1
Assam_Guwahati,26.1445,91.7362,2021-07-01,2021-07-08,26.87813595554756,0.4896645287092294,101.9368048328438,7.443671500511549,1
Assam_Guwahati,26.1445,91.7362,2021-07-15,2021-07-22,36.847373827385134,0.4702571334879573,101.9368048328438,7.443671500511549,1
Assam_Guwahati,26.1445,91.7362,2021-08-01,2021-08-08,18.895086958003308,0.4746874730014891,101.9368048328438,7.443671500511549,1
Assam_Guwahati,26.1445,91.7362,2021-09-01,2021-09-08,79.30210167985126,0.4780381631259681,101.9368048328438,7.443671500511549,1
Assam_Guwahati,26.1445,91.7362,2022-06-15,2022-06-22,150.57128179622626,0.4766079741222661,101.9368048328438,7.443671500511549,1
Assam_Guwahati,26.1445,91.7362,2022-07-01,2022-07-08,33.17765036821785,0.4731354338813976,101.9368048328438,7.443671500511549,1
Assam_Guwahati,26.1445,91.7362,2022-07-20,2022-07-27,72.53594076604104,0.4773774568726417,101.9368048328438,7.443671500511549,1
Assam_Guwahati,26.1445,91.7362,2022-08-01,2022-08-08,40.85739552400248,0.469679349960606,101.9368048328438,7.443671500511549,1
Assam_Guwahati,26.1445,91.7362,2022-09-01,2022-09-08,39.29330155592002,0.4754859264872941,101.9368048328438,7.443671500511549,1
Assam_Guwahati,26.1445,91.7362,2023-06-15,2023-06-22,184.8261775574632,0.4823676297962625,101.9368048328438,7.443671500511549,1
Assam_Guwahati,26.1445,91.7362,2023-07-01,2023-07-08,49.02192844541149,0.4784248848668699,101.9368048328438,7.443671500511549,1
Assam_Guwahati,26.1445,91.7362,2023-07-25,2023-08-01,23.463747964457145,0.470583689535588,101.9368048328438,7.443671500511549,1
Assam_Guwahati,26.1445,91.7362,2023-08-05,2023-08-12,53.44311153448428,0.478186925888316,101.9368048328438,7.443671500511549,1
Assam_Guwahati,26.1445,91.7362,2023-09-01,2023-09-08,14.651688075929387,0.4553854822619559,101.9368048328438,7.443671500511549,1
Assam_Guwahati,26.1445,91.7362,2024-06-15,2024-06-22,260.2515962616138,0.4811381756885697,101.9368048328438,7.443671500511549,1
Assam_Guwahati,26.1445,91.7362,2024-07-01,2024-07-08,87.57594644423735,0.4771707976708751,101.9368048328438,7.443671500511549,1
Assam_Guwahati,26.1445,91.7362,2024-07-20,2024-07-27,24.872968310082083,0.4760267839791759,101.9368048328438,7.443671500511549,1
Assam_Guwahati,26.1445,91.7362,2024-08-01,2024-08-08,61.00385965078262,0.472908426956191,101.9368048328438,7.443671500511549,1
Assam_Guwahati,26.1445,91.7362,2024-09-01,2024-09-08,25.50910554517544,0.4729765352287562,101.9368048328438,7.443671500511549,1
Assam_Dibrugarh,27.4728,94.912,2020-06-15,2020-06-22,178.27737755355787,0.4824744261131085,106.2790330561036,2.299640949345391,1
Assam_Dibrugarh,27.4728,94.912,2020-07-01,2020-07-08,124.82229482739316,0.4798828184289277,106.2790330561036,2.299640949345391,1
Assam_Dibrugarh,27.4728,94.912,2020-07-20,2020-07-27,65.58800840443898,0.4743740913098451,106.2790330561036,2.299640949345391,1
Assam_Dibrugarh,27.4728,94.912,2020-08-05,2020-08-12,88.30502515771039,0.4591577465572056,106.2790330561036,2.299640949345391,1
Assam_Dibrugarh,27.4728,94.912,2020-09-01,2020-09-08,62.482007509127136,0.471805477142334,106.2790330561036,2.299640949345391,1
Assam_Dibrugarh,27.4728,94.912,2021-06-15,2021-06-22,142.20161019541368,0.4780954217153882,106.2790330561036,2.299640949345391,1
Assam_Dibrugarh,27.4728,94.912,2021-07-01,2021-07-08,27.365188527916843,0.488330070808451,106.2790330561036,2.299640949345391,1
Assam_Dibrugarh,27.4728,94.912,2021-07-15,2021-07-22,5.509828430699212,0.4825350380448437,106.2790330561036,2.299640949345391,1
Assam_Dibrugarh,27.4728,94.912,2021-08-01,2021-08-08,111.06791844371286,0.4743705591827473,106.2790330561036,2.299640949345391,1
Assam_Dibrugarh,27.4728,94.912,2021-09-01,2021-09-08,61.95336017754042,0.4696878425658695,106.2790330561036,2.299640949345391,1
Assam_Dibrugarh,27.4728,94.912,2022-06-15,2022-06-22,137.01255145043197,0.4799771467844646,106.2790330561036,2.299640949345391,1
Assam_Dibrugarh,27.4728,94.912,2022-07-01,2022-07-08,49.50479535699634,0.4688786900232709,106.2790330561036,2.299640949345391,1
Assam_Dibrugarh,27.4728,94.912,2022-07-20,2022-07-27,110.58800786845153,0.4756074437388667,106.2790330561036,2.299640949345391,1
Assam_Dibrugarh,27.4728,94.912,2022-08-01,2022-08-08,68.711578953704,0.4768664631263289,106.2790330561036,2.299640949345391,1
Assam_Dibrugarh,27.4728,94.912,2022-09-01,2022-09-08,63.84026553774574,0.4816015270021226,106.2790330561036,2.299640949345391,1
Assam_Dibrugarh,27.4728,94.912,2023-06-15,2023-06-22,14.937157258835423,0.481007213315005,106.2790330561036,2.299640949345391,1
Assam_Dibrugarh,27.4728,94.912,2023-07-01,2023-07-08,55.00385696030458,0.4775342383712688,106.2790330561036,2.299640949345391,1
Assam_Dibrugarh,27.4728,94.912,2023-07-25,2023-08-01,148.67290190302165,0.4742533861644684,106.2790330561036,2.299640949345391,1
Assam_Dibrugarh,27.4728,94.912,2023-08-05,2023-08-12,72.21795868890122,0.4811188522470062,106.2790330561036,2.299640949345391,1
Assam_Dibrugarh,27.4728,94.912,2023-09-01,2023-09-08,9.136426682944771,0.4299855619511276,106.2790330561036,2.299640949345391,1
Assam_Dibrugarh,27.4728,94.912,2024-06-15,2024-06-22,66.85495304350877,0.4721216257287081,106.2790330561036,2.299640949345391,1
Assam_Dibrugarh,27.4728,94.912,2024-07-01,2024-07-08,173.7713526793842,0.4848576668078306,106.2790330561036,2.299640949345391,1
Assam_Dibrugarh,27.4728,94.912,2024-07-20,2024-07-27,71.50483524212801,0.4698690935417458,106.2790330561036,2.299640949345391,1
Assam_Dibrugarh,27.4728,94.912,2024-08-01,2024-08-08,108.1918778508716,0.4810606813935376,106.2790330561036,2.299640949345391,1
Assam_Dibrugarh,27.4728,94.912,2024-09-01,2024-09-08,61.882454450479095,0.4716244618097941,106.2790330561036,2.299640949345391,1
Bihar_Patna,25.5941,85.1376,2020-06-15,2020-06-22,84.44617818876205,0.4137631694100562,52.67912632381728,1.6420331889989257,1
Bihar_Patna,25.5941,85.1376,2020-07-01,2020-07-08,100.52826901695332,0.4122366945771186,52.67912632381728,1.6420331889989257,1
Bihar_Patna,25.5941,85.1376,2020-07-20,2020-07-27,93.92070311084656,0.412102960580544,52.67912632381728,1.6420331889989257,1
Bihar_Patna,25.5941,85.1376,2020-08-05,2020-08-12,45.69555560304082,0.4027220082374037,52.67912632381728,1.6420331889989257,1
Bihar_Patna,25.5941,85.1376,2020-09-01,2020-09-08,72.1993511580747,0.3829774033256022,52.67912632381728,1.6420331889989257,1
Bihar_Patna,25.5941,85.1376,2021-06-15,2021-06-22,162.74114690888476,0.4155455654380103,52.67912632381728,1.6420331889989257,1
Bihar_Patna,25.5941,85.1376,2021-07-01,2021-07-08,96.63323759072244,0.4094780591142433,52.67912632381728,1.6420331889989257,1
Bihar_Patna,25.5941,85.1376,2021-07-15,2021-07-22,89.4375773660707,0.3927211411455504,52.67912632381728,1.6420331889989257,1
Bihar_Patna,25.5941,85.1376,2021-08-01,2021-08-08,84.18561780343208,0.4093315533804132,52.67912632381728,1.6420331889989257,1
Bihar_Patna,25.5941,85.1376,2021-09-01,2021-09-08,43.69249768240292,0.3985333462168978,52.67912632381728,1.6420331889989257,1
Bihar_Patna,25.5941,85.1376,2022-06-15,2022-06-22,57.05434065165242,0.2194737086986858,52.67912632381728,1.6420331889989257,1
Bihar_Patna,25.5941,85.1376,2022-07-01,2022-07-08,29.176189017548577,0.3495822531181685,52.67912632381728,1.6420331889989257,1
Bihar_Patna,25.5941,85.1376,2022-07-20,2022-07-27,68.88712994142472,0.373157026395516,52.67912632381728,1.6420331889989257,1
Bihar_Patna,25.5941,85.1376,2022-08-01,2022-08-08,81.2220590529088,0.3987281377249573,52.67912632381728,1.6420331889989257,1
Bihar_Patna,25.5941,85.1376,2022-09-01,2022-09-08,41.38091511406241,0.4084453628751584,52.67912632381728,1.6420331889989257,1
Bihar_Patna,25.5941,85.1376,2023-06-15,2023-06-22,18.673142586495768,0.1517744110957687,52.67912632381728,1.6420331889989257,1
Bihar_Patna,25.5941,85.1376,2023-07-01,2023-07-08,74.39825357919025,0.4083075861579231,52.67912632381728,1.6420331889989257,1
Bihar_Patna,25.5941,85.1376,2023-07-25,2023-08-01,24.446359195304844,0.3238504965605048,52.67912632381728,1.6420331889989257,1
Bihar_Patna,25.5941,85.1376,2023-08-05,2023-08-12,107.02609509663534,0.415174646999039,52.67912632381728,1.6420331889989257,1
Bihar_Patna,25.5941,85.1376,2023-09-01,2023-09-08,87.20521150342991,0.366624165711835,52.67912632381728,1.6420331889989257,1
Bihar_Patna,25.5941,85.1376,2024-06-15,2024-06-22,5.084805616304647,0.1415029880502476,52.67912632381728,1.6420331889989257,1
Bihar_Patna,25.5941,85.1376,2024-07-01,2024-07-08,97.58449572236292,0.4100755668917597,52.67912632381728,1.6420331889989257,1
Bihar_Patna,25.5941,85.1376,2024-07-20,2024-07-27,13.98887571749333,0.3252789914651914,52.67912632381728,1.6420331889989257,1
Bihar_Patna,25.5941,85.1376,2024-08-01,2024-08-08,89.29036383611998,0.4076042962197234,52.67912632381728,1.6420331889989257,1
Bihar_Patna,25.5941,85.1376,2024-09-01,2024-09-08,44.03491593839423,0.3970909555537504,52.67912632381728,1.6420331889989257,1
Bihar_Muzaffarpur,26.1225,85.3906,2020-06-15,2020-06-22,94.10006483039211,0.4133902731076543,56.04269825075497,1.8581542052697992,1
Bihar_Muzaffarpur,26.1225,85.3906,2020-07-01,2020-07-08,114.99752915256656,0.4136571801760265,56.04269825075497,1.8581542052697992,1
Bihar_Muzaffarpur,26.1225,85.3906,2020-07-20,2020-07-27,135.9819064279091,0.4154001451466378,56.04269825075497,1.8581542052697992,1
Bihar_Muzaffarpur,26.1225,85.3906,2020-08-05,2020-08-12,48.24797560272512,0.4085121757737776,56.04269825075497,1.8581542052697992,1
Bihar_Muzaffarpur,26.1225,85.3906,2020-09-01,2020-09-08,79.43584612693226,0.367210453844112,56.04269825075497,1.8581542052697992,1
Bihar_Muzaffarpur,26.1225,85.3906,2021-06-15,2021-06-22,128.71305675158823,0.4120832930836913,56.04269825075497,1.8581542052697992,1
Bihar_Muzaffarpur,26.1225,85.3906,2021-07-01,2021-07-08,115.02053100246869,0.4155109806123387,56.04269825075497,1.8581542052697992,1
Bihar_Muzaffarpur,26.1225,85.3906,2021-07-15,2021-07-22,120.91302583327968,0.4018052295114821,56.04269825075497,1.8581542052697992,1
Bihar_Muzaffarpur,26.1225,85.3906,2021-08-01,2021-08-08,53.69667564033627,0.4127758696269116,56.04269825075497,1.8581542052697992,1
Bihar_Muzaffarpur,26.1225,85.3906,2021-09-01,2021-09-08,60.91735507111064,0.393816196992739,56.04269825075497,1.8581542052697992,1
Bihar_Muzaffarpur,26.1225,85.3906,2022-06-15,2022-06-22,72.91586587514314,0.2259986811780888,56.04269825075497,1.8581542052697992,1
Bihar_Muzaffarpur,26.1225,85.3906,2022-07-01,2022-07-08,30.65187821916578,0.3564330869969389,56.04269825075497,1.8581542052697992,1
Bihar_Muzaffarpur,26.1225,85.3906,2022-07-20,2022-07-27,74.51655712987062,0.3746020185692728,56.04269825075497,1.8581542052697992,1
Bihar_Muzaffarpur,26.1225,85.3906,2022-08-01,2022-08-08,66.2265754767588,0.402009597874384,56.04269825075497,1.8581542052697992,1
Bihar_Muzaffarpur,26.1225,85.3906,2022-09-01,2022-09-08,50.65133032992711,0.4129068817778416,56.04269825075497,1.8581542052697992,1
Bihar_Muzaffarpur,26.1225,85.3906,2023-06-15,2023-06-22,26.241729016725348,0.157273733322862,56.04269825075497,1.8581542052697992,1
Bihar_Muzaffarpur,26.1225,85.3906,2023-07-01,2023-07-08,64.25140777811262,0.4160276326992023,56.04269825075497,1.8581542052697992,1
Bihar_Muzaffarpur,26.1225,85.3906,2023-07-25,2023-08-01,30.406142171435743,0.3619243821618099,56.04269825075497,1.8581542052697992,1
Bihar_Muzaffarpur,26.1225,85.3906,2023-08-05,2023-08-12,122.40879545171664,0.4151889106607926,56.04269825075497,1.8581542052697992,1
Bihar_Muzaffarpur,26.1225,85.3906,2023-09-01,2023-09-08,73.9108266402428,0.3696179242089703,56.04269825075497,1.8581542052697992,1
Bihar_Muzaffarpur,26.1225,85.3906,2024-06-15,2024-06-22,16.222100025874944,0.1527617540564526,56.04269825075497,1.8581542052697992,1
Bihar_Muzaffarpur,26.1225,85.3906,2024-07-01,2024-07-08,87.40161057993207,0.412632520069002,56.04269825075497,1.8581542052697992,1
Bihar_Muzaffarpur,26.1225,85.3906,2024-07-20,2024-07-27,8.912862864818013,0.3325499117585997,56.04269825075497,1.8581542052697992,1
Bihar_Muzaffarpur,26.1225,85.3906,2024-08-01,2024-08-08,80.21045671606132,0.4002862426602476,56.04269825075497,1.8581542052697992,1
Bihar_Muzaffarpur,26.1225,85.3906,2024-09-01,2024-09-08,47.33522961082834,0.4055027251792572,56.04269825075497,1.8581542052697992,1
Uttarakhand_Dehradun,30.3165,78.0322,2020-06-15,2020-06-22,11.928637318705254,0.3193502691980023,681.4883095199946,6.215372029173625,1
Uttarakhand_Dehradun,30.3165,78.0322,2020-07-01,2020-07-08,169.77679218776152,0.4054329248532463,681.4883095199946,6.215372029173625,1
Uttarakhand_Dehradun,30.3165,78.0322,2020-07-20,2020-07-27,25.442374349686133,0.4295704773063428,681.4883095199946,6.215372029173625,1
Uttarakhand_Dehradun,30.3165,78.0322,2020-08-05,2020-08-12,159.83949420069231,0.433065117213138,681.4883095199946,6.215372029173625,1
Uttarakhand_Dehradun,30.3165,78.0322,2020-09-01,2020-09-08,32.584640442158694,0.4249422016997909,681.4883095199946,6.215372029173625,1
Uttarakhand_Dehradun,30.3165,78.0322,2021-06-15,2021-06-22,17.79631348660118,0.3993736522584472,681.4883095199946,6.215372029173625,1
Uttarakhand_Dehradun,30.3165,78.0322,2021-07-01,2021-07-08,28.997706947699896,0.3254079733806851,681.4883095199946,6.215372029173625,1
Uttarakhand_Dehradun,30.3165,78.0322,2021-07-15,2021-07-22,227.4010259207444,0.4229524592489315,681.4883095199946,6.215372029173625,1
Uttarakhand_Dehradun,30.3165,78.0322,2021-08-01,2021-08-08,74.95783508805289,0.4301699842540875,681.4883095199946,6.215372029173625,1
Uttarakhand_Dehradun,30.3165,78.0322,2021-09-01,2021-09-08,97.78342916254414,0.4262648085376219,681.4883095199946,6.215372029173625,1
Uttarakhand_Dehradun,30.3165,78.0322,2022-06-15,2022-06-22,39.62214560523208,0.2319768049560342,681.4883095199946,6.215372029173625,1
Uttarakhand_Dehradun,30.3165,78.0322,2022-07-01,2022-07-08,84.57579731683822,0.4330216302058208,681.4883095199946,6.215372029173625,1
Uttarakhand_Dehradun,30.3165,78.0322,2022-07-20,2022-07-27,70.67711566237786,0.4335572979560681,681.4883095199946,6.215372029173625,1
Uttarakhand_Dehradun,30.3165,78.0322,2022-08-01,2022-08-08,140.76503622612327,0.4298302424863193,681.4883095199946,6.215372029173625,1
Uttarakhand_Dehradun,30.3165,78.0322,2022-09-01,2022-09-08,37.04761023978311,0.4065725689842587,681.4883095199946,6.215372029173625,1
Uttarakhand_Dehradun,30.3165,78.0322,2023-06-15,2023-06-22,8.89454242832426,0.3172496404781974,681.4883095199946,6.215372029173625,1
Uttarakhand_Dehradun,30.3165,78.0322,2023-07-01,2023-07-08,61.94844506658845,0.4214397839752838,681.4883095199946,6.215372029173625,1
Uttarakhand_Dehradun,30.3165,78.0322,2023-07-25,2023-08-01,142.24068543721148,0.4294259870939985,681.4883095199946,6.215372029173625,1
Uttarakhand_Dehradun,30.3165,78.0322,2023-08-05,2023-08-12,196.65874198155524,0.4384152782487936,681.4883095199946,6.215372029173625,1
Uttarakhand_Dehradun,30.3165,78.0322,2023-09-01,2023-09-08,0.0,0.3939455357008956,681.4883095199946,6.215372029173625,1
Uttarakhand_Dehradun,30.3165,78.0322,2024-06-15,2024-06-22,1.144337869748252,0.1681630251130406,681.4883095199946,6.215372029173625,1
Uttarakhand_Dehradun,30.3165,78.0322,2024-07-01,2024-07-08,110.56726043330514,0.4312152840396114,681.4883095199946,6.215372029173625,1
Uttarakhand_Dehradun,30.3165,78.0322,2024-07-20,2024-07-27,213.08230119645995,0.4295855444744334,681.4883095199946,6.215372029173625,1
Uttarakhand_Dehradun,30.3165,78.0322,2024-08-01,2024-08-08,102.61602679920584,0.430290189431181,681.4883095199946,6.215372029173625,1
Uttarakhand_Dehradun,30.3165,78.0322,2024-09-01,2024-09-08,189.86843289183537,0.4299142689593516,681.4883095199946,6.215372029173625,1
Bengal_Howrah,22.5958,88.2636,2020-06-15,2020-06-22,105.63685418447318,0.4137705849641165,7.010356375261673,2.5015073921870963,1
Bengal_Howrah,22.5958,88.2636,2020-07-01,2020-07-08,27.81762744122129,0.393840168691014,7.010356375261673,2.5015073921870963,1
Bengal_Howrah,22.5958,88.2636,2020-07-20,2020-07-27,102.57690159846489,0.4020575415446718,7.010356375261673,2.5015073921870963,1
Bengal_Howrah,22.5958,88.2636,2020-08-05,2020-08-12,56.982649144631296,0.3989843125934085,7.010356375261673,2.5015073921870963,1
Bengal_Howrah,22.5958,88.2636,2020-09-01,2020-09-08,36.55571937010971,0.3937920470962834,7.010356375261673,2.5015073921870963,1
Bengal_Howrah,22.5958,88.2636,2021-06-15,2021-06-22,219.45921054914348,0.4225817039267989,7.010356375261673,2.5015073921870963,1
Bengal_Howrah,22.5958,88.2636,2021-07-01,2021-07-08,170.32051936894248,0.409342077141618,7.010356375261673,2.5015073921870963,1
Bengal_Howrah,22.5958,88.2636,2021-07-15,2021-07-22,75.73926374838346,0.3729777615610811,7.010356375261673,2.5015073921870963,1
Bengal_Howrah,22.5958,88.2636,2021-08-01,2021-08-08,128.83298340527898,0.3978361794115185,7.010356375261673,2.5015073921870963,1
Bengal_Howrah,22.5958,88.2636,2021-09-01,2021-09-08,38.93622770529474,0.3974377923033732,7.010356375261673,2.5015073921870963,1
Bengal_Howrah,22.5958,88.2636,2022-06-15,2022-06-22,45.89719198166079,0.2786448929618332,7.010356375261673,2.5015073921870963,1
Bengal_Howrah,22.5958,88.2636,2022-07-01,2022-07-08,49.383972755678286,0.3929403097057951,7.010356375261673,2.5015073921870963,1
Bengal_Howrah,22.5958,88.2636,2022-07-20,2022-07-27,36.70415998038064,0.379646222501131,7.010356375261673,2.5015073921870963,1
Bengal_Howrah,22.5958,88.2636,2022-08-01,2022-08-08,81.95176145853375,0.398156892095883,7.010356375261673,2.5015073921870963,1
Bengal_Howrah,22.5958,88.2636,2022-09-01,2022-09-08,44.81544378444972,0.3706151767914986,7.010356375261673,2.5015073921870963,1
Bengal_Howrah,22.5958,88.2636,2023-06-15,2023-06-22,36.45833285789999,0.164514232450176,7.010356375261673,2.5015073921870963,1
Bengal_Howrah,22.5958,88.2636,2023-07-01,2023-07-08,69.4699434620404,0.3740093968033029,7.010356375261673,2.5015073921870963,1
Bengal_Howrah,22.5958,88.2636,2023-07-25,2023-08-01,70.47561316191077,0.3604030520008542,7.010356375261673,2.5015073921870963,1
Bengal_Howrah,22.5958,88.2636,2023-08-05,2023-08-12,55.15469577936451,0.4135961155788861,7.010356375261673,2.5015073921870963,1
Bengal_Howrah,22.5958,88.2636,2023-09-01,2023-09-08,124.0235070437945,0.4072511398136136,7.010356375261673,2.5015073921870963,1
Bengal_Howrah,22.5958,88.2636,2024-06-15,2024-06-22,22.471385185827693,0.2289378819478416,7.010356375261673,2.5015073921870963,1
Bengal_Howrah,22.5958,88.2636,2024-07-01,2024-07-08,57.53701374938184,0.4147704170387995,7.010356375261673,2.5015073921870963,1
Bengal_Howrah,22.5958,88.2636,2024-07-20,2024-07-27,26.600996027425985,0.397089610024104,7.010356375261673,2.5015073921870963,1
Bengal_Howrah,22.5958,88.2636,2024-08-01,2024-08-08,162.3269231879806,0.4185339485272782,7.010356375261673,2.5015073921870963,1
Bengal_Howrah,22.5958,88.2636,2024-09-01,2024-09-08,37.87516173348637,0.3940893656968464,7.010356375261673,2.5015073921870963,1
Bengal_Malda,25.0096,88.1406,2020-06-15,2020-06-22,89.41818238519129,0.4178642202407163,27.18958942924771,2.379295079021242,1
Bengal_Malda,25.0096,88.1406,2020-07-01,2020-07-08,87.02064240809501,0.4166373290529841,27.18958942924771,2.379295079021242,1
Bengal_Malda,25.0096,88.1406,2020-07-20,2020-07-27,116.7147999413662,0.4169004987202337,27.18958942924771,2.379295079021242,1
Bengal_Malda,25.0096,88.1406,2020-08-05,2020-08-12,51.79158429623831,0.4066638093827047,27.18958942924771,2.379295079021242,1
Bengal_Malda,25.0096,88.1406,2020-09-01,2020-09-08,100.5754642781749,0.3974636378653576,27.18958942924771,2.379295079021242,1
Bengal_Malda,25.0096,88.1406,2021-06-15,2021-06-22,57.76773207812584,0.4164132845157096,27.18958942924771,2.379295079021242,1
Bengal_Malda,25.0096,88.1406,2021-07-01,2021-07-08,48.55519996028424,0.4187429683008046,27.18958942924771,2.379295079021242,1
Bengal_Malda,25.0096,88.1406,2021-07-15,2021-07-22,69.50970284846888,0.4057248473482339,27.18958942924771,2.379295079021242,1
Bengal_Malda,25.0096,88.1406,2021-08-01,2021-08-08,85.42891781263482,0.4175651547450614,27.18958942924771,2.379295079021242,1
Bengal_Malda,25.0096,88.1406,2021-09-01,2021-09-08,48.026693649329104,0.4034840725208373,27.18958942924771,2.379295079021242,1
Bengal_Malda,25.0096,88.1406,2022-06-15,2022-06-22,85.53729933498181,0.382687851543358,27.18958942924771,2.379295079021242,1
Bengal_Malda,25.0096,88.1406,2022-07-01,2022-07-08,27.24209887305882,0.3534418768993538,27.18958942924771,2.379295079021242,1
Bengal_Malda,25.0096,88.1406,2022-07-20,2022-07-27,69.0194539556581,0.3135383932569328,27.18958942924771,2.379295079021242,1
Bengal_Malda,25.0096,88.1406,2022-08-01,2022-08-08,35.83224600062255,0.4053998970528374,27.18958942924771,2.379295079021242,1
Bengal_Malda,25.0096,88.1406,2022-09-01,2022-09-08,83.22452272102105,0.4151180413069218,27.18958942924771,2.379295079021242,1
Bengal_Malda,25.0096,88.1406,2023-06-15,2023-06-22,49.41358473801048,0.2691985832306861,27.18958942924771,2.379295079021242,1
Bengal_Malda,25.0096,88.1406,2023-07-01,2023-07-08,84.62518587675794,0.4184935998118828,27.18958942924771,2.379295079021242,1
Bengal_Malda,25.0096,88.1406,2023-07-25,2023-08-01,22.64716644695297,0.3516726978004588,27.18958942924771,2.379295079021242,1
Bengal_Malda,25.0096,88.1406,2023-08-05,2023-08-12,133.791516705288,0.4193123806655823,27.18958942924771,2.379295079021242,1
Bengal_Malda,25.0096,88.1406,2023-09-01,2023-09-08,68.1222796106153,0.3712346441884807,27.18958942924771,2.379295079021242,1
Bengal_Malda,25.0096,88.1406,2024-06-15,2024-06-22,42.70206496822652,0.2925585004070994,27.18958942924771,2.379295079021242,1
Bengal_Malda,25.0096,88.1406,2024-07-01,2024-07-08,139.42912781495778,0.4226988199594858,27.18958942924771,2.379295079021242,1
Bengal_Malda,25.0096,88.1406,2024-07-20,2024-07-27,0.0,0.3762560353921551,27.18958942924771,2.379295079021242,1
Bengal_Malda,25.0096,88.1406,2024-08-01,2024-08-08,88.32275015531094,0.4106916975282212,27.18958942924771,2.379295079021242,1
Bengal_Malda,25.0096,88.1406,2024-09-01,2024-09-08,71.40901027747924,0.4071667641552693,27.18958942924771,2.379295079021242,1
Odisha_Bhubaneswar,20.2961,85.8245,2020-06-15,2020-06-22,64.82597511084228,0.4057727963316673,36.83628213849535,2.2161784494089254,1
Odisha_Bhubaneswar,20.2961,85.8245,2020-07-01,2020-07-08,38.41700879174452,0.4023336127358657,36.83628213849535,2.2161784494089254,1
Odisha_Bhubaneswar,20.2961,85.8245,2020-07-20,2020-07-27,88.73741712589384,0.40994520922001,36.83628213849535,2.2161784494089254,1
Odisha_Bhubaneswar,20.2961,85.8245,2020-08-05,2020-08-12,65.82716562195745,0.4188157824241146,36.83628213849535,2.2161784494089254,1
Odisha_Bhubaneswar,20.2961,85.8245,2020-09-01,2020-09-08,26.304439473492387,0.4037947645374372,36.83628213849535,2.2161784494089254,1
Odisha_Bhubaneswar,20.2961,85.8245,2021-06-15,2021-06-22,114.52743245880984,0.402853577744727,36.83628213849535,2.2161784494089254,1
Odisha_Bhubaneswar,20.2961,85.8245,2021-07-01,2021-07-08,90.52487000867733,0.3863928288638759,36.83628213849535,2.2161784494089254,1
Odisha_Bhubaneswar,20.2961,85.8245,2021-07-15,2021-07-22,53.06441063502311,0.3792919825439025,36.83628213849535,2.2161784494089254,1
Odisha_Bhubaneswar,20.2961,85.8245,2021-08-01,2021-08-08,37.02022421172456,0.4074523435587309,36.83628213849535,2.2161784494089254,1
Odisha_Bhubaneswar,20.2961,85.8245,2021-09-01,2021-09-08,42.55649406622933,0.4083110558218649,36.83628213849535,2.2161784494089254,1
Odisha_Bhubaneswar,20.2961,85.8245,2022-06-15,2022-06-22,55.58258885901969,0.2440881661006382,36.83628213849535,2.2161784494089254,1
Odisha_Bhubaneswar,20.2961,85.8245,2022-07-01,2022-07-08,104.13970002315006,0.4100806579536416,36.83628213849535,2.2161784494089254,1
Odisha_Bhubaneswar,20.2961,85.8245,2022-07-20,2022-07-27,83.9891188862644,0.4177853656416179,36.83628213849535,2.2161784494089254,1
Odisha_Bhubaneswar,20.2961,85.8245,2022-08-01,2022-08-08,45.908078949311005,0.401446937245815,36.83628213849535,2.2161784494089254,1
Odisha_Bhubaneswar,20.2961,85.8245,2022-09-01,2022-09-08,16.609718693859886,0.3851334704070532,36.83628213849535,2.2161784494089254,1
Odisha_Bhubaneswar,20.2961,85.8245,2023-06-15,2023-06-22,10.562171805354208,0.139631878027395,36.83628213849535,2.2161784494089254,1
Odisha_Bhubaneswar,20.2961,85.8245,2023-07-01,2023-07-08,30.21998699724216,0.3855807614259693,36.83628213849535,2.2161784494089254,1
Odisha_Bhubaneswar,20.2961,85.8245,2023-07-25,2023-08-01,87.00588056677391,0.4126122067288523,36.83628213849535,2.2161784494089254,1
Odisha_Bhubaneswar,20.2961,85.8245,2023-08-05,2023-08-12,62.240967957126415,0.3987528584584467,36.83628213849535,2.2161784494089254,1
Odisha_Bhubaneswar,20.2961,85.8245,2023-09-01,2023-09-08,53.94367758834314,0.4095972785094873,36.83628213849535,2.2161784494089254,1
Odisha_Bhubaneswar,20.2961,85.8245,2024-06-15,2024-06-22,43.4210763529919,0.2008729157327603,36.83628213849535,2.2161784494089254,1
Odisha_Bhubaneswar,20.2961,85.8245,2024-07-01,2024-07-08,101.21947311229688,0.3961047752230773,36.83628213849535,2.2161784494089254,1
Odisha_Bhubaneswar,20.2961,85.8245,2024-07-20,2024-07-27,102.25751140533764,0.3928743508015693,36.83628213849535,2.2161784494089254,1
Odisha_Bhubaneswar,20.2961,85.8245,2024-08-01,2024-08-08,63.56490676018331,0.418956702630393,36.83628213849535,2.2161784494089254,1
Odisha_Bhubaneswar,20.2961,85.8245,2024-09-01,2024-09-08,39.697539976826974,0.4007577821320178,36.83628213849535,2.2161784494089254,1
Odisha_Cuttack,20.5124,85.8828,2020-06-15,2020-06-22,59.346965321363264,0.4105446041337838,28.19827104140829,2.2993388257165086,1
Odisha_Cuttack,20.5124,85.8828,2020-07-01,2020-07-08,27.387854743520435,0.4086874866099385,28.19827104140829,2.2993388257165086,1
Odisha_Cuttack,20.5124,85.8828,2020-07-20,2020-07-27,76.36436292740339,0.4126608842845202,28.19827104140829,2.2993388257165086,1
Odisha_Cuttack,20.5124,85.8828,2020-08-05,2020-08-12,57.79724308378855,0.4192648836894168,28.19827104140829,2.2993388257165086,1
Odisha_Cuttack,20.5124,85.8828,2020-09-01,2020-09-08,24.288583786138226,0.4056168606687135,28.19827104140829,2.2993388257165086,1
Odisha_Cuttack,20.5124,85.8828,2021-06-15,2021-06-22,95.71772466019328,0.4060236154829817,28.19827104140829,2.2993388257165086,1
Odisha_Cuttack,20.5124,85.8828,2021-07-01,2021-07-08,68.05780277154133,0.3967213922997888,28.19827104140829,2.2993388257165086,1
Odisha_Cuttack,20.5124,85.8828,2021-07-15,2021-07-22,37.74693486272873,0.3820813896435963,28.19827104140829,2.2993388257165086,1
Odisha_Cuttack,20.5124,85.8828,2021-08-01,2021-08-08,30.818776951351023,0.4095460871480859,28.19827104140829,2.2993388257165086,1
Odisha_Cuttack,20.5124,85.8828,2021-09-01,2021-09-08,45.50353880537988,0.4021199276586797,28.19827104140829,2.2993388257165086,1
Odisha_Cuttack,20.5124,85.8828,2022-06-15,2022-06-22,55.60986058741774,0.2557320195925067,28.19827104140829,2.2993388257165086,1
Odisha_Cuttack,20.5124,85.8828,2022-07-01,2022-07-08,72.07982295180261,0.4136080568087465,28.19827104140829,2.2993388257165086,1
Odisha_Cuttack,20.5124,85.8828,2022-07-20,2022-07-27,51.26777402381884,0.4177386004604152,28.19827104140829,2.2993388257165086,1
Odisha_Cuttack,20.5124,85.8828,2022-08-01,2022-08-08,31.182947144278963,0.4026962830823588,28.19827104140829,2.2993388257165086,1
Odisha_Cuttack,20.5124,85.8828,2022-09-01,2022-09-08,10.481524692665689,0.3903307418652776,28.19827104140829,2.2993388257165086,1
Odisha_Cuttack,20.5124,85.8828,2023-06-15,2023-06-22,9.90665624520816,0.1416265683173467,28.19827104140829,2.2993388257165086,1
Odisha_Cuttack,20.5124,85.8828,2023-07-01,2023-07-08,21.19009540092407,0.3927701414172467,28.19827104140829,2.2993388257165086,1
Odisha_Cuttack,20.5124,85.8828,2023-07-25,2023-08-01,77.17321453311627,0.4087182364472462,28.19827104140829,2.2993388257165086,1
Odisha_Cuttack,20.5124,85.8828,2023-08-05,2023-08-12,32.86847777126731,0.394952329905435,28.19827104140829,2.2993388257165086,1
Odisha_Cuttack,20.5124,85.8828,2023-09-01,2023-09-08,72.7717046054724,0.4035965674850065,28.19827104140829,2.2993388257165086,1
Odisha_Cuttack,20.5124,85.8828,2024-06-15,2024-06-22,34.305065240616585,0.1795458326857776,28.19827104140829,2.2993388257165086,1
Odisha_Cuttack,20.5124,85.8828,2024-07-01,2024-07-08,76.28518266954539,0.4039270520593147,28.19827104140829,2.2993388257165086,1
Odisha_Cuttack,20.5124,85.8828,2024-07-20,2024-07-27,72.75612076371634,0.3961877010501541,28.19827104140829,2.2993388257165086,1
Odisha_Cuttack,20.5124,85.8828,2024-08-01,2024-08-08,52.88016279480101,0.4212741232537603,28.19827104140829,2.2993388257165086,1
Odisha_Cuttack,20.5124,85.8828,2024-09-01,2024-09-08,47.97042167287429,0.3958940553924854,28.19827104140829,2.2993388257165086,1
Gujarat_Surat,21.1702,72.8311,2020-06-15,2020-06-22,52.98320401416106,0.3931902497903384,10.9175857008914,2.025921555049249,1
Gujarat_Surat,21.1702,72.8311,2020-07-01,2020-07-08,184.147664084154,0.4339057832861152,10.9175857008914,2.025921555049249,1
Gujarat_Surat,21.1702,72.8311,2020-07-20,2020-07-27,98.772150882465,0.4669680276976912,10.9175857008914,2.025921555049249,1
Gujarat_Surat,21.1702,72.8311,2020-08-05,2020-08-12,199.32796181755904,0.4851767944988402,10.9175857008914,2.025921555049249,1
Gujarat_Surat,21.1702,72.8311,2020-09-01,2020-09-08,30.79086212621016,0.4336546813549638,10.9175857008914,2.025921555049249,1
Gujarat_Surat,21.1702,72.8311,2021-06-15,2021-06-22,167.3901221100022,0.3728772374833273,10.9175857008914,2.025921555049249,1
Gujarat_Surat,21.1702,72.8311,2021-07-01,2021-07-08,0.0,0.3511955486839386,10.9175857008914,2.025921555049249,1
Gujarat_Surat,21.1702,72.8311,2021-07-15,2021-07-22,147.1357795596123,0.4642596952487871,10.9175857008914,2.025921555049249,1
Gujarat_Surat,21.1702,72.8311,2021-08-01,2021-08-08,11.874347465792123,0.4464190896312411,10.9175857008914,2.025921555049249,1
Gujarat_Surat,21.1702,72.8311,2021-09-01,2021-09-08,94.23017815631977,0.4773176777913936,10.9175857008914,2.025921555049249,1
Gujarat_Surat,21.1702,72.8311,2022-06-15,2022-06-22,30.83880164745976,0.3571417958276662,10.9175857008914,2.025921555049249,1
Gujarat_Surat,21.1702,72.8311,2022-07-01,2022-07-08,197.71767515014204,0.4640877216735781,10.9175857008914,2.025921555049249,1
Gujarat_Surat,21.1702,72.8311,2022-07-20,2022-07-27,46.028780276635125,0.4820997183080945,10.9175857008914,2.025921555049249,1
Gujarat_Surat,21.1702,72.8311,2022-08-01,2022-08-08,78.16472883575105,0.447917909369309,10.9175857008914,2.025921555049249,1
Gujarat_Surat,21.1702,72.8311,2022-09-01,2022-09-08,47.49802833550117,0.4575975185861922,10.9175857008914,2.025921555049249,1
Gujarat_Surat,21.1702,72.8311,2023-06-15,2023-06-22,0.0025874148396884,0.2995495573110288,10.9175857008914,2.025921555049249,1
Gujarat_Surat,21.1702,72.8311,2023-07-01,2023-07-08,135.61248404874522,0.4738527053299173,10.9175857008914,2.025921555049249,1
Gujarat_Surat,21.1702,72.8311,2023-07-25,2023-08-01,96.07460540603188,0.4821760724952249,10.9175857008914,2.025921555049249,1
Gujarat_Surat,21.1702,72.8311,2023-08-05,2023-08-12,0.0,0.4371591536482059,10.9175857008914,2.025921555049249,1
Gujarat_Surat,21.1702,72.8311,2023-09-01,2023-09-08,62.510275295201474,0.2822383438135772,10.9175857008914,2.025921555049249,1
Gujarat_Surat,21.1702,72.8311,2024-06-15,2024-06-22,9.254135916864172,0.3056824472436106,10.9175857008914,2.025921555049249,1
Gujarat_Surat,21.1702,72.8311,2024-07-01,2024-07-08,151.0228753763087,0.4771876458937668,10.9175857008914,2.025921555049249,1
Gujarat_Surat,21.1702,72.8311,2024-07-20,2024-07-27,321.73697061398457,0.4820687575885095,10.9175857008914,2.025921555049249,1
Gujarat_Surat,21.1702,72.8311,2024-08-01,2024-08-08,96.59319768512952,0.4789857931903678,10.9175857008914,2.025921555049249,1
Gujarat_Surat,21.1702,72.8311,2024-09-01,2024-09-08,112.96451849656944,0.4717018505309864,10.9175857008914,2.025921555049249,1
Gujarat_Vadodara,22.3072,73.1812,2020-06-15,2020-06-22,14.36915937305619,0.28747378857773,34.76822219014674,2.4976923244467883,1
Gujarat_Vadodara,22.3072,73.1812,2020-07-01,2020-07-08,55.23609595122674,0.2776962139046687,34.76822219014674,2.4976923244467883,1
Gujarat_Vadodara,22.3072,73.1812,2020-07-20,2020-07-27,38.796448763646055,0.3464056566796485,34.76822219014674,2.4976923244467883,1
Gujarat_Vadodara,22.3072,73.1812,2020-08-05,2020-08-12,94.36289384000808,0.3936022802584433,34.76822219014674,2.4976923244467883,1
Gujarat_Vadodara,22.3072,73.1812,2020-09-01,2020-09-08,0.0,0.3536238955165149,34.76822219014674,2.4976923244467883,1
Gujarat_Vadodara,22.3072,73.1812,2021-06-15,2021-06-22,44.52365471192843,0.267896241929096,34.76822219014674,2.4976923244467883,1
Gujarat_Vadodara,22.3072,73.1812,2021-07-01,2021-07-08,0.8954178896785906,0.2280412629849648,34.76822219014674,2.4976923244467883,1
Gujarat_Vadodara,22.3072,73.1812,2021-07-15,2021-07-22,91.27815691566744,0.3096244547145936,34.76822219014674,2.4976923244467883,1
Gujarat_Vadodara,22.3072,73.1812,2021-08-01,2021-08-08,30.00663445791761,0.364335205808934,34.76822219014674,2.4976923244467883,1
Gujarat_Vadodara,22.3072,73.1812,2021-09-01,2021-09-08,79.89129438717931,0.3675048631510064,34.76822219014674,2.4976923244467883,1
Gujarat_Vadodara,22.3072,73.1812,2022-06-15,2022-06-22,16.275385209091503,0.199460370856279,34.76822219014674,2.4976923244467883,1
Gujarat_Vadodara,22.3072,73.1812,2022-07-01,2022-07-08,86.45831613934273,0.3374351672879467,34.76822219014674,2.4976923244467883,1
Gujarat_Vadodara,22.3072,73.1812,2022-07-20,2022-07-27,48.43339767946359,0.4082981451398375,34.76822219014674,2.4976923244467883,1
Gujarat_Vadodara,22.3072,73.1812,2022-08-01,2022-08-08,70.02773528855232,0.3915420612815061,34.76822219014674,2.4976923244467883,1
Gujarat_Vadodara,22.3072,73.1812,2022-09-01,2022-09-08,55.945187029331,0.3464344822930593,34.76822219014674,2.4976923244467883,1
Gujarat_Vadodara,22.3072,73.1812,2023-06-15,2023-06-22,1.556561298080323,0.1562086998382744,34.76822219014674,2.4976923244467883,1
Gujarat_Vadodara,22.3072,73.1812,2023-07-01,2023-07-08,90.03260510887988,0.4088391250990456,34.76822219014674,2.4976923244467883,1
Gujarat_Vadodara,22.3072,73.1812,2023-07-25,2023-08-01,28.42351140775688,0.406679420276939,34.76822219014674,2.4976923244467883,1
Gujarat_Vadodara,22.3072,73.1812,2023-08-05,2023-08-12,0.0,0.3464800604702913,34.76822219014674,2.4976923244467883,1
Gujarat_Vadodara,22.3072,73.1812,2023-09-01,2023-09-08,37.537316503255454,0.2267716249223914,34.76822219014674,2.4976923244467883,1
Gujarat_Vadodara,22.3072,73.1812,2024-06-15,2024-06-22,5.819556194876174,0.141167148361185,34.76822219014674,2.4976923244467883,1
Gujarat_Vadodara,22.3072,73.1812,2024-07-01,2024-07-08,21.24278003456453,0.4001465376631603,34.76822219014674,2.4976923244467883,1
Gujarat_Vadodara,22.3072,73.1812,2024-07-20,2024-07-27,43.911135731875945,0.3903618899712115,34.76822219014674,2.4976923244467883,1
Gujarat_Vadodara,22.3072,73.1812,2024-08-01,2024-08-08,21.863979683847724,0.406233574777735,34.76822219014674,2.4976923244467883,1
Gujarat_Vadodara,22.3072,73.1812,2024-09-01,2024-09-08,103.00526031767606,0.4020958648973544,34.76822219014674,2.4976923244467883,1
Karnataka_Belgaum,15.8497,74.4977,2020-06-15,2020-06-22,56.787294258587885,0.4112564005540429,764.622704110538,3.557691084438648,1
Karnataka_Belgaum,15.8497,74.4977,2020-07-01,2020-07-08,38.63357707216658,0.4310934236232365,764.622704110538,3.557691084438648,1
Karnataka_Belgaum,15.8497,74.4977,2020-07-20,2020-07-27,69.43244365579986,0.4291219342108525,764.622704110538,3.557691084438648,1
Karnataka_Belgaum,15.8497,74.4977,2020-08-05,2020-08-12,91.01575913269298,0.4349793248723517,764.622704110538,3.557691084438648,1
Karnataka_Belgaum,15.8497,74.4977,2020-09-01,2020-09-08,78.4308242911085,0.4090666587022428,764.622704110538,3.557691084438648,1
Karnataka_Belgaum,15.8497,74.4977,2021-06-15,2021-06-22,129.01447246212177,0.430283200198837,764.622704110538,3.557691084438648,1
Karnataka_Belgaum,15.8497,74.4977,2021-07-01,2021-07-08,148.69939342086113,0.4014950934253032,764.622704110538,3.557691084438648,1
Karnataka_Belgaum,15.8497,74.4977,2021-07-15,2021-07-22,224.7183335380109,0.4368589835922787,764.622704110538,3.557691084438648,1
Karnataka_Belgaum,15.8497,74.4977,2021-08-01,2021-08-08,0.0,0.4163799873587129,764.622704110538,3.557691084438648,1
Karnataka_Belgaum,15.8497,74.4977,2021-09-01,2021-09-08,58.48336410648279,0.4139962496706477,764.622704110538,3.557691084438648,1
Karnataka_Belgaum,15.8497,74.4977,2022-06-15,2022-06-22,55.34214004821435,0.3667166309264903,764.622704110538,3.557691084438648,1
Karnataka_Belgaum,15.8497,74.4977,2022-07-01,2022-07-08,2.087163091919084,0.4334716165338894,764.622704110538,3.557691084438648,1
Karnataka_Belgaum,15.8497,74.4977,2022-07-20,2022-07-27,8.13566380251681,0.4172065331830911,764.622704110538,3.557691084438648,1
Karnataka_Belgaum,15.8497,74.4977,2022-08-01,2022-08-08,113.2445372636481,0.4330823628850891,764.622704110538,3.557691084438648,1
Karnataka_Belgaum,15.8497,74.4977,2022-09-01,2022-09-08,92.33174930767343,0.4278635823554556,764.622704110538,3.557691084438648,1
Karnataka_Belgaum,15.8497,74.4977,2023-06-15,2023-06-22,13.506854613592076,0.2015491954932513,764.622704110538,3.557691084438648,1
Karnataka_Belgaum,15.8497,74.4977,2023-07-01,2023-07-08,41.741645591554686,0.4182309274879635,764.622704110538,3.557691084438648,1
Karnataka_Belgaum,15.8497,74.4977,2023-07-25,2023-08-01,188.1469729675512,0.4334737764969643,764.622704110538,3.557691084438648,1
Karnataka_Belgaum,15.8497,74.4977,2023-08-05,2023-08-12,6.204227359619315,0.3953773286470536,764.622704110538,3.557691084438648,1
Karnataka_Belgaum,15.8497,74.4977,2023-09-01,2023-09-08,18.428448872255288,0.3668542285336421,764.622704110538,3.557691084438648,1
Karnataka_Belgaum,15.8497,74.4977,2024-06-15,2024-06-22,11.333745463048118,0.4103610893522948,764.622704110538,3.557691084438648,1
Karnataka_Belgaum,15.8497,74.4977,2024-07-01,2024-07-08,6.488094171667119,0.4279603214944769,764.622704110538,3.557691084438648,1
Karnataka_Belgaum,15.8497,74.4977,2024-07-20,2024-07-27,348.6708359004775,0.4400686331027489,764.622704110538,3.557691084438648,1
Karnataka_Belgaum,15.8497,74.4977,2024-08-01,2024-08-08,77.2988790597639,0.4327194866226175,764.622704110538,3.557691084438648,1
Karnataka_Belgaum,15.8497,74.4977,2024-09-01,2024-09-08,27.58568987107664,0.4275661248769651,764.622704110538,3.557691084438648,1
AP_Vijayawada,16.5062,80.648,2020-06-15,2020-06-22,52.19448604838197,0.3482601940440948,24.3946563960167,3.2190137908928884,1
AP_Vijayawada,16.5062,80.648,2020-07-01,2020-07-08,86.34848439823365,0.4235453285588192,24.3946563960167,3.2190137908928884,1
AP_Vijayawada,16.5062,80.648,2020-07-20,2020-07-27,53.273368481002045,0.4201161429859817,24.3946563960167,3.2190137908928884,1
AP_Vijayawada,16.5062,80.648,2020-08-05,2020-08-12,18.40274370437903,0.418022158205471,24.3946563960167,3.2190137908928884,1
AP_Vijayawada,16.5062,80.648,2020-09-01,2020-09-08,19.282119677865115,0.3872715148122058,24.3946563960167,3.2190137908928884,1
AP_Vijayawada,16.5062,80.648,2021-06-15,2021-06-22,16.265181994178334,0.2789094851478426,24.3946563960167,3.2190137908928884,1
AP_Vijayawada,16.5062,80.648,2021-07-01,2021-07-08,74.87923890314171,0.287442781278795,24.3946563960167,3.2190137908928884,1
AP_Vijayawada,16.5062,80.648,2021-07-15,2021-07-22,74.67734788083258,0.4116875506421494,24.3946563960167,3.2190137908928884,1
AP_Vijayawada,16.5062,80.648,2021-08-01,2021-08-08,0.0,0.2626361593045122,24.3946563960167,3.2190137908928884,1
AP_Vijayawada,16.5062,80.648,2021-09-01,2021-09-08,78.38909836560879,0.4283442140533471,24.3946563960167,3.2190137908928884,1
AP_Vijayawada,16.5062,80.648,2022-06-15,2022-06-22,52.73857250996704,0.2475953164223852,24.3946563960167,3.2190137908928884,1
AP_Vijayawada,16.5062,80.648,2022-07-01,2022-07-08,111.88300350706004,0.3648555685561003,24.3946563960167,3.2190137908928884,1
AP_Vijayawada,16.5062,80.648,2022-07-20,2022-07-27,61.92727881775274,0.4150185968894722,24.3946563960167,3.2190137908928884,1
AP_Vijayawada,16.5062,80.648,2022-08-01,2022-08-08,48.24056202054516,0.4236531454147805,24.3946563960167,3.2190137908928884,1
AP_Vijayawada,16.5062,80.648,2022-09-01,2022-09-08,22.22429622505357,0.3431506662302929,24.3946563960167,3.2190137908928884,1
AP_Vijayawada,16.5062,80.648,2023-06-15,2023-06-22,26.53702732621615,0.1755467221460119,24.3946563960167,3.2190137908928884,1
AP_Vijayawada,16.5062,80.648,2023-07-01,2023-07-08,38.30614217767496,0.3302471632804384,24.3946563960167,3.2190137908928884,1
AP_Vijayawada,16.5062,80.648,2023-07-25,2023-08-01,93.18198841651191,0.4143375473027891,24.3946563960167,3.2190137908928884,1
AP_Vijayawada,16.5062,80.648,2023-08-05,2023-08-12,7.685322009276197,0.2948866639241467,24.3946563960167,3.2190137908928884,1
AP_Vijayawada,16.5062,80.648,2023-09-01,2023-09-08,41.4448502036872,0.3646633829185653,24.3946563960167,3.2190137908928884,1
AP_Vijayawada,16.5062,80.648,2024-06-15,2024-06-22,27.57588065176788,0.3013174226847617,24.3946563960167,3.2190137908928884,1
AP_Vijayawada,16.5062,80.648,2024-07-01,2024-07-08,37.539171072469976,0.3866567799727496,24.3946563960167,3.2190137908928884,1
AP_Vijayawada,16.5062,80.648,2024-07-20,2024-07-27,43.225457501922136,0.4332256485486049,24.3946563960167,3.2190137908928884,1
AP_Vijayawada,16.5062,80.648,2024-08-01,2024-08-08,88.82781562192332,0.3978808550522738,24.3946563960167,3.2190137908928884,1
AP_Vijayawada,16.5062,80.648,2024-09-01,2024-09-08,93.75237461715118,0.4312301138574367,24.3946563960167,3.2190137908928884,1
AP_Guntur,16.3067,80.4365,2020-06-15,2020-06-22,50.13779273729014,0.3867263919035185,30.914828032477647,2.1126416886159327,1
AP_Guntur,16.3067,80.4365,2020-07-01,2020-07-08,89.26036689646673,0.4673033226987796,30.914828032477647,2.1126416886159327,1
AP_Guntur,16.3067,80.4365,2020-07-20,2020-07-27,47.28608656019298,0.4667532470513859,30.914828032477647,2.1126416886159327,1
AP_Guntur,16.3067,80.4365,2020-08-05,2020-08-12,19.50449941729889,0.4590142226674668,30.914828032477647,2.1126416886159327,1
AP_Guntur,16.3067,80.4365,2020-09-01,2020-09-08,19.32383664443074,0.4339165349002573,30.914828032477647,2.1126416886159327,1
AP_Guntur,16.3067,80.4365,2021-06-15,2021-06-22,9.198734994126658,0.3076756678315558,30.914828032477647,2.1126416886159327,1
AP_Guntur,16.3067,80.4365,2021-07-01,2021-07-08,68.96069673537133,0.3380572345136474,30.914828032477647,2.1126416886159327,1
AP_Guntur,16.3067,80.4365,2021-07-15,2021-07-22,84.35944732813894,0.4533887040013427,30.914828032477647,2.1126416886159327,1
AP_Guntur,16.3067,80.4365,2021-08-01,2021-08-08,0.0,0.2915926686643976,30.914828032477647,2.1126416886159327,1
AP_Guntur,16.3067,80.4365,2021-09-01,2021-09-08,81.11652736462817,0.4596621648246216,30.914828032477647,2.1126416886159327,1
AP_Guntur,16.3067,80.4365,2022-06-15,2022-06-22,46.98248281495034,0.3259565166030679,30.914828032477647,2.1126416886159327,1
AP_Guntur,16.3067,80.4365,2022-07-01,2022-07-08,91.570900020987,0.4311271063241993,30.914828032477647,2.1126416886159327,1
AP_Guntur,16.3067,80.4365,2022-07-20,2022-07-27,91.94721217239804,0.4578189732921678,30.914828032477647,2.1126416886159327,1
AP_Guntur,16.3067,80.4365,2022-08-01,2022-08-08,46.09609940485439,0.4617849205306428,30.914828032477647,2.1126416886159327,1
AP_Guntur,16.3067,80.4365,2022-09-01,2022-09-08,16.021814991398596,0.3763624461315145,30.914828032477647,2.1126416886159327,1
AP_Guntur,16.3067,80.4365,2023-06-15,2023-06-22,12.225485525321458,0.2506521568700803,30.914828032477647,2.1126416886159327,1
AP_Guntur,16.3067,80.4365,2023-07-01,2023-07-08,51.14238554093458,0.3847218977952908,30.914828032477647,2.1126416886159327,1
AP_Guntur,16.3067,80.4365,2023-07-25,2023-08-01,89.64487236534065,0.4481709701640333,30.914828032477647,2.1126416886159327,1
AP_Guntur,16.3067,80.4365,2023-08-05,2023-08-12,5.555704199016027,0.3133851052146369,30.914828032477647,2.1126416886159327,1
AP_Guntur,16.3067,80.4365,2023-09-01,2023-09-08,35.82110211972146,0.3988433430804667,30.914828032477647,2.1126416886159327,1
AP_Guntur,16.3067,80.4365,2024-06-15,2024-06-22,30.73092584776887,0.3450771547431173,30.914828032477647,2.1126416886159327,1
AP_Guntur,16.3067,80.4365,2024-07-01,2024-07-08,30.013216193475174,0.4286310052069498,30.914828032477647,2.1126416886159327,1
AP_Guntur,16.3067,80.4365,2024-07-20,2024-07-27,34.35120162579813,0.4733092268885864,30.914828032477647,2.1126416886159327,1
AP_Guntur,16.3067,80.4365,2024-08-01,2024-08-08,74.3762883804416,0.4372720325438426,30.914828032477647,2.1126416886159327,1
AP_Guntur,16.3067,80.4365,2024-09-01,2024-09-08,99.3055311945268,0.4602254998626143,30.914828032477647,2.1126416886159327,1
Maharashtra_Pune_Flood,18.452,73.8567,2020-06-15,2020-06-22,51.173117411931344,0.4311501384374513,687.6088998258555,7.197886464895474,1
Maharashtra_Pune_Flood,18.452,73.8567,2020-07-01,2020-07-08,9.243026817109849,0.4457304578345976,687.6088998258555,7.197886464895474,1
Maharashtra_Pune_Flood,18.452,73.8567,2020-07-20,2020-07-27,75.3762103154924,0.4409143244533904,687.6088998258555,7.197886464895474,1
Maharashtra_Pune_Flood,18.452,73.8567,2020-08-05,2020-08-12,10.972803484598794,0.4420427123112464,687.6088998258555,7.197886464895474,1
Maharashtra_Pune_Flood,18.452,73.8567,2020-09-01,2020-09-08,18.28762032738438,0.4095577223722867,687.6088998258555,7.197886464895474,1
Maharashtra_Pune_Flood,18.452,73.8567,2021-06-15,2021-06-22,9.100951456140589,0.4118680036228941,687.6088998258555,7.197886464895474,1
Maharashtra_Pune_Flood,18.452,73.8567,2021-07-01,2021-07-08,37.86153875704164,0.325058198398788,687.6088998258555,7.197886464895474,1
Maharashtra_Pune_Flood,18.452,73.8567,2021-07-15,2021-07-22,86.84296507234926,0.4492325135470283,687.6088998258555,7.197886464895474,1
Maharashtra_Pune_Flood,18.452,73.8567,2021-08-01,2021-08-08,0.0,0.4209658868785604,687.6088998258555,7.197886464895474,1
Maharashtra_Pune_Flood,18.452,73.8567,2021-09-01,2021-09-08,99.50504754313717,0.4325246539790322,687.6088998258555,7.197886464895474,1
Maharashtra_Pune_Flood,18.452,73.8567,2022-06-15,2022-06-22,10.047832121186785,0.2794083825052419,687.6088998258555,7.197886464895474,1
Maharashtra_Pune_Flood,18.452,73.8567,2022-07-01,2022-07-08,51.145225252222126,0.4198549754584013,687.6088998258555,7.197886464895474,1
Maharashtra_Pune_Flood,18.452,73.8567,2022-07-20,2022-07-27,13.74891332802949,0.4326832487300175,687.6088998258555,7.197886464895474,1
Maharashtra_Pune_Flood,18.452,73.8567,2022-08-01,2022-08-08,60.98948841324559,0.4368530799415658,687.6088998258555,7.197886464895474,1
Maharashtra_Pune_Flood,18.452,73.8567,2022-09-01,2022-09-08,75.43380695325357,0.43281372100136,687.6088998258555,7.197886464895474,1
Maharashtra_Pune_Flood,18.452,73.8567,2023-06-15,2023-06-22,0.0,0.2040701949520151,687.6088998258555,7.197886464895474,1
Maharashtra_Pune_Flood,18.452,73.8567,2023-07-01,2023-07-08,110.34742570205968,0.4446858963901977,687.6088998258555,7.197886464895474,1
Maharashtra_Pune_Flood,18.452,73.8567,2023-07-25,2023-08-01,124.3482339120794,0.4493704930720976,687.6088998258555,7.197886464895474,1
Maharashtra_Pune_Flood,18.452,73.8567,2023-08-05,2023-08-12,0.0,0.3884971243147317,687.6088998258555,7.197886464895474,1
Maharashtra_Pune_Flood,18.452,73.8567,2023-09-01,2023-09-08,13.267246167571452,0.3547489732906338,687.6088998258555,7.197886464895474,1
Maharashtra_Pune_Flood,18.452,73.8567,2024-06-15,2024-06-22,37.793593520764944,0.4128952447963082,687.6088998258555,7.197886464895474,1
Maharashtra_Pune_Flood,18.452,73.8567,2024-07-01,2024-07-08,7.64538840011314,0.4301157297271316,687.6088998258555,7.197886464895474,1
Maharashtra_Pune_Flood,18.452,73.8567,2024-07-20,2024-07-27,183.34362605907296,0.4559289295112485,687.6088998258555,7.197886464895474,1
Maharashtra_Pune_Flood,18.452,73.8567,2024-08-01,2024-08-08,28.764791837974823,0.4428925498631632,687.6088998258555,7.197886464895474,1
Maharashtra_Pune_Flood,18.452,73.8567,2024-09-01,2024-09-08,35.580519055260545,0.4344777087582369,687.6088998258555,7.197886464895474,1
Maharashtra_Kolhapur,16.705,74.2433,2020-06-15,2020-06-22,43.32952064327067,0.4550351979121744,576.0203567287172,3.219765361831631,1
Maharashtra_Kolhapur,16.705,74.2433,2020-07-01,2020-07-08,0.0,0.4700875815500761,576.0203567287172,3.219765361831631,1
Maharashtra_Kolhapur,16.705,74.2433,2020-07-20,2020-07-27,40.42586051645639,0.4667855985767604,576.0203567287172,3.219765361831631,1
Maharashtra_Kolhapur,16.705,74.2433,2020-08-05,2020-08-12,60.50025971075963,0.478685008121034,576.0203567287172,3.219765361831631,1
Maharashtra_Kolhapur,16.705,74.2433,2020-09-01,2020-09-08,58.15832975159777,0.4341784304881469,576.0203567287172,3.219765361831631,1
Maharashtra_Kolhapur,16.705,74.2433,2021-06-15,2021-06-22,33.78848107126221,0.4725194351725225,576.0203567287172,3.219765361831631,1
Maharashtra_Kolhapur,16.705,74.2433,2021-07-01,2021-07-08,85.06038315614838,0.4165278531213749,576.0203567287172,3.219765361831631,1
Maharashtra_Kolhapur,16.705,74.2433,2021-07-15,2021-07-22,224.7102915015126,0.4738407407895433,576.0203567287172,3.219765361831631,1
Maharashtra_Kolhapur,16.705,74.2433,2021-08-01,2021-08-08,0.0,0.4601515326621108,576.0203567287172,3.219765361831631,1
Maharashtra_Kolhapur,16.705,74.2433,2021-09-01,2021-09-08,86.52500440850322,0.4532982260572145,576.0203567287172,3.219765361831631,1
Maharashtra_Kolhapur,16.705,74.2433,2022-06-15,2022-06-22,19.62932112028606,0.3953436676976823,576.0203567287172,3.219765361831631,1
Maharashtra_Kolhapur,16.705,74.2433,2022-07-01,2022-07-08,23.34260379165712,0.4691773768344954,576.0203567287172,3.219765361831631,1
Maharashtra_Kolhapur,16.705,74.2433,2022-07-20,2022-07-27,23.74133450205698,0.4500376144518876,576.0203567287172,3.219765361831631,1
Maharashtra_Kolhapur,16.705,74.2433,2022-08-01,2022-08-08,91.32393022727892,0.4706195257288576,576.0203567287172,3.219765361831631,1
Maharashtra_Kolhapur,16.705,74.2433,2022-09-01,2022-09-08,89.8062733649672,0.4605413817436179,576.0203567287172,3.219765361831631,1
Maharashtra_Kolhapur,16.705,74.2433,2023-06-15,2023-06-22,0.0,0.2359399956412583,576.0203567287172,3.219765361831631,1
Maharashtra_Kolhapur,16.705,74.2433,2023-07-01,2023-07-08,53.41171548429921,0.4660919241586506,576.0203567287172,3.219765361831631,1
Maharashtra_Kolhapur,16.705,74.2433,2023-07-25,2023-08-01,125.32274483723928,0.4761617087462558,576.0203567287172,3.219765361831631,1
Maharashtra_Kolhapur,16.705,74.2433,2023-08-05,2023-08-12,6.941179752528376,0.4374688849244492,576.0203567287172,3.219765361831631,1
Maharashtra_Kolhapur,16.705,74.2433,2023-09-01,2023-09-08,19.252084089905438,0.3570595744733955,576.0203567287172,3.219765361831631,1
Maharashtra_Kolhapur,16.705,74.2433,2024-06-15,2024-06-22,0.7960711424603347,0.4610437740337059,576.0203567287172,3.219765361831631,1
Maharashtra_Kolhapur,16.705,74.2433,2024-07-01,2024-07-08,69.28213164280614,0.4696776442820001,576.0203567287172,3.219765361831631,1
Maharashtra_Kolhapur,16.705,74.2433,2024-07-20,2024-07-27,184.94927418165017,0.4788049537267146,576.0203567287172,3.219765361831631,1
Maharashtra_Kolhapur,16.705,74.2433,2024-08-01,2024-08-08,45.20521622496747,0.4719385066586665,576.0203567287172,3.219765361831631,1
Maharashtra_Kolhapur,16.705,74.2433,2024-09-01,2024-09-08,30.233532570043064,0.4690942194752187,576.0203567287172,3.219765361831631,1
UP_Gorakhpur,26.7606,83.3732,2020-06-15,2020-06-22,117.56743201157973,0.4066950946994602,80.62584307391563,2.118654311982669,1
UP_Gorakhpur,26.7606,83.3732,2020-07-01,2020-07-08,139.10125503020947,0.4140523913321025,80.62584307391563,2.118654311982669,1
UP_Gorakhpur,26.7606,83.3732,2020-07-20,2020-07-27,102.68144425876642,0.4110697331198919,80.62584307391563,2.118654311982669,1
UP_Gorakhpur,26.7606,83.3732,2020-08-05,2020-08-12,77.93236499870899,0.3892968755190064,80.62584307391563,2.118654311982669,1
UP_Gorakhpur,26.7606,83.3732,2020-09-01,2020-09-08,62.52645875953415,0.3432450137393418,80.62584307391563,2.118654311982669,1
UP_Gorakhpur,26.7606,83.3732,2021-06-15,2021-06-22,92.87018653236731,0.4124251123076998,80.62584307391563,2.118654311982669,1
UP_Gorakhpur,26.7606,83.3732,2021-07-01,2021-07-08,73.42167056580149,0.394284839357903,80.62584307391563,2.118654311982669,1
UP_Gorakhpur,26.7606,83.3732,2021-07-15,2021-07-22,173.3768260973114,0.3987272802441695,80.62584307391563,2.118654311982669,1
UP_Gorakhpur,26.7606,83.3732,2021-08-01,2021-08-08,53.102659753545225,0.3757716586339532,80.62584307391563,2.118654311982669,1
UP_Gorakhpur,26.7606,83.3732,2021-09-01,2021-09-08,48.88112283801168,0.39869909883102,80.62584307391563,2.118654311982669,1
UP_Gorakhpur,26.7606,83.3732,2022-06-15,2022-06-22,11.249347101889208,0.2142106392422691,80.62584307391563,2.118654311982669,1
UP_Gorakhpur,26.7606,83.3732,2022-07-01,2022-07-08,16.65390213968367,0.373965622854977,80.62584307391563,2.118654311982669,1
UP_Gorakhpur,26.7606,83.3732,2022-07-20,2022-07-27,85.36149397182533,0.4089550992974093,80.62584307391563,2.118654311982669,1
UP_Gorakhpur,26.7606,83.3732,2022-08-01,2022-08-08,112.32116562523215,0.4107513220386217,80.62584307391563,2.118654311982669,1
UP_Gorakhpur,26.7606,83.3732,2022-09-01,2022-09-08,75.62631370866544,0.4096803283538758,80.62584307391563,2.118654311982669,1
UP_Gorakhpur,26.7606,83.3732,2023-06-15,2023-06-22,13.42180102036204,0.1540136573886146,80.62584307391563,2.118654311982669,1
UP_Gorakhpur,26.7606,83.3732,2023-07-01,2023-07-08,87.4246913039094,0.4148873697682605,80.62584307391563,2.118654311982669,1
UP_Gorakhpur,26.7606,83.3732,2023-07-25,2023-08-01,71.6908350122283,0.3738501832312516,80.62584307391563,2.118654311982669,1
UP_Gorakhpur,26.7606,83.3732,2023-08-05,2023-08-12,193.4035068759532,0.4147529434136936,80.62584307391563,2.118654311982669,1
UP_Gorakhpur,26.7606,83.3732,2023-09-01,2023-09-08,57.72916492746998,0.3667294362457304,80.62584307391563,2.118654311982669,1
UP_Gorakhpur,26.7606,83.3732,2024-06-15,2024-06-22,2.354696353937748,0.1375643782445839,80.62584307391563,2.118654311982669,1
UP_Gorakhpur,26.7606,83.3732,2024-07-01,2024-07-08,236.43396515922788,0.4196388380232057,80.62584307391563,2.118654311982669,1
UP_Gorakhpur,26.7606,83.3732,2024-07-20,2024-07-27,0.0908505625435296,0.3702665285474541,80.62584307391563,2.118654311982669,1
UP_Gorakhpur,26.7606,83.3732,2024-08-01,2024-08-08,58.42593376967597,0.3861648892345024,80.62584307391563,2.118654311982669,1
UP_Gorakhpur,26.7606,83.3732,2024-09-01,2024-09-08,84.75479558723755,0.4089173120674457,80.62584307391563,2.118654311982669,1
UP_Varanasi,25.3176,82.9739,2020-06-15,2020-06-22,90.05011811637475,0.3880669878651501,79.13710268472141,2.209633834113947,1
UP_Varanasi,25.3176,82.9739,2020-07-01,2020-07-08,143.93000822930557,0.4107550007988395,79.13710268472141,2.209633834113947,1
UP_Varanasi,25.3176,82.9739,2020-07-20,2020-07-27,47.96160091200508,0.4107154203362778,79.13710268472141,2.209633834113947,1
UP_Varanasi,25.3176,82.9739,2020-08-05,2020-08-12,66.53063654865873,0.4075893043663081,79.13710268472141,2.209633834113947,1
UP_Varanasi,25.3176,82.9739,2020-09-01,2020-09-08,35.95675292598476,0.3757945701316779,79.13710268472141,2.209633834113947,1
UP_Varanasi,25.3176,82.9739,2021-06-15,2021-06-22,122.05169399101632,0.416397206561834,79.13710268472141,2.209633834113947,1
UP_Varanasi,25.3176,82.9739,2021-07-01,2021-07-08,47.2179079801055,0.3674885748984214,79.13710268472141,2.209633834113947,1
UP_Varanasi,25.3176,82.9739,2021-07-15,2021-07-22,73.60783255673535,0.3460244261975878,79.13710268472141,2.209633834113947,1
UP_Varanasi,25.3176,82.9739,2021-08-01,2021-08-08,39.692769675814624,0.3821599447780847,79.13710268472141,2.209633834113947,1
UP_Varanasi,25.3176,82.9739,2021-09-01,2021-09-08,43.342050938660215,0.3362130691545742,79.13710268472141,2.209633834113947,1
UP_Varanasi,25.3176,82.9739,2022-06-15,2022-06-22,10.652479583842752,0.1608297377614612,79.13710268472141,2.209633834113947,1
UP_Varanasi,25.3176,82.9739,2022-07-01,2022-07-08,14.250970838177828,0.3611217326862991,79.13710268472141,2.209633834113947,1
UP_Varanasi,25.3176,82.9739,2022-07-20,2022-07-27,101.28850049142956,0.3853214568036215,79.13710268472141,2.209633834113947,1
UP_Varanasi,25.3176,82.9739,2022-08-01,2022-08-08,84.12867311743396,0.4061062775847013,79.13710268472141,2.209633834113947,1
UP_Varanasi,25.3176,82.9739,2022-09-01,2022-09-08,46.87487810310581,0.3953743779048372,79.13710268472141,2.209633834113947,1
UP_Varanasi,25.3176,82.9739,2023-06-15,2023-06-22,8.895537033276645,0.1387828039317528,79.13710268472141,2.209633834113947,1
UP_Varanasi,25.3176,82.9739,2023-07-01,2023-07-08,94.40283703685988,0.3999543964714702,79.13710268472141,2.209633834113947,1
UP_Varanasi,25.3176,82.9739,2023-07-25,2023-08-01,20.03373922755391,0.2911133344390088,79.13710268472141,2.209633834113947,1
UP_Varanasi,25.3176,82.9739,2023-08-05,2023-08-12,96.38992843600953,0.4134431727922614,79.13710268472141,2.209633834113947,1
UP_Varanasi,25.3176,82.9739,2023-09-01,2023-09-08,39.03514935339695,0.3434769448972035,79.13710268472141,2.209633834113947,1
UP_Varanasi,25.3176,82.9739,2024-06-15,2024-06-22,0.9680907193471214,0.1388569194592064,79.13710268472141,2.209633834113947,1
UP_Varanasi,25.3176,82.9739,2024-07-01,2024-07-08,166.77770019892756,0.4139774264094092,79.13710268472141,2.209633834113947,1
UP_Varanasi,25.3176,82.9739,2024-07-20,2024-07-27,30.814792716857237,0.3680430516121218,79.13710268472141,2.209633834113947,1
UP_Varanasi,25.3176,82.9739,2024-08-01,2024-08-08,79.28915072532828,0.4086448832894999,79.13710268472141,2.209633834113947,1
UP_Varanasi,25.3176,82.9739,2024-09-01,2024-09-08,28.45336878350297,0.389929839126594,79.13710268472141,2.209633834113947,1
Telangana_Khammam,17.2473,80.1514,2020-06-15,2020-06-22,39.95437581827178,0.3557049310155451,127.74663789122371,2.4662217391029984,1
Telangana_Khammam,17.2473,80.1514,2020-07-01,2020-07-08,80.35024500675473,0.4100965249459272,127.74663789122371,2.4662217391029984,1
Telangana_Khammam,17.2473,80.1514,2020-07-20,2020-07-27,64.52941062999787,0.4112061093193463,127.74663789122371,2.4662217391029984,1
Telangana_Khammam,17.2473,80.1514,2020-08-05,2020-08-12,14.018122879095172,0.3987163451921848,127.74663789122371,2.4662217391029984,1
Telangana_Khammam,17.2473,80.1514,2020-09-01,2020-09-08,32.1107081867349,0.3680755738877735,127.74663789122371,2.4662217391029984,1
Telangana_Khammam,17.2473,80.1514,2021-06-15,2021-06-22,32.60032968019746,0.2970202290680744,127.74663789122371,2.4662217391029984,1
Telangana_Khammam,17.2473,80.1514,2021-07-01,2021-07-08,86.26644489802506,0.248668422414377,127.74663789122371,2.4662217391029984,1
Telangana_Khammam,17.2473,80.1514,2021-07-15,2021-07-22,90.64699192050676,0.3978228595924555,127.74663789122371,2.4662217391029984,1
Telangana_Khammam,17.2473,80.1514,2021-08-01,2021-08-08,0.0,0.2830807423109909,127.74663789122371,2.4662217391029984,1
Telangana_Khammam,17.2473,80.1514,2021-09-01,2021-09-08,104.34466093871951,0.4162571877698583,127.74663789122371,2.4662217391029984,1
Telangana_Khammam,17.2473,80.1514,2022-06-15,2022-06-22,89.05646736989888,0.2458118875285257,127.74663789122371,2.4662217391029984,1
Telangana_Khammam,17.2473,80.1514,2022-07-01,2022-07-08,149.26279481038688,0.3673377752967912,127.74663789122371,2.4662217391029984,1
Telangana_Khammam,17.2473,80.1514,2022-07-20,2022-07-27,117.01782869030346,0.4078734358330478,127.74663789122371,2.4662217391029984,1
Telangana_Khammam,17.2473,80.1514,2022-08-01,2022-08-08,99.64411185571812,0.4125383974457822,127.74663789122371,2.4662217391029984,1
Telangana_Khammam,17.2473,80.1514,2022-09-01,2022-09-08,25.608683950993488,0.34515189293868,127.74663789122371,2.4662217391029984,1
Telangana_Khammam,17.2473,80.1514,2023-06-15,2023-06-22,46.68818482563268,0.1276065105798541,127.74663789122371,2.4662217391029984,1
Telangana_Khammam,17.2473,80.1514,2023-07-01,2023-07-08,54.261862817760026,0.2808744538525676,127.74663789122371,2.4662217391029984,1
Telangana_Khammam,17.2473,80.1514,2023-07-25,2023-08-01,139.91542872859864,0.410478466641531,127.74663789122371,2.4662217391029984,1
Telangana_Khammam,17.2473,80.1514,2023-08-05,2023-08-12,7.353083339758013,0.2978327022576184,127.74663789122371,2.4662217391029984,1
Telangana_Khammam,17.2473,80.1514,2023-09-01,2023-09-08,64.88025473766058,0.3187500587442136,127.74663789122371,2.4662217391029984,1
Telangana_Khammam,17.2473,80.1514,2024-06-15,2024-06-22,38.843124508591046,0.2824995009982715,127.74663789122371,2.4662217391029984,1
Telangana_Khammam,17.2473,80.1514,2024-07-01,2024-07-08,60.84035828627374,0.3748052825404837,127.74663789122371,2.4662217391029984,1
Telangana_Khammam,17.2473,80.1514,2024-07-20,2024-07-27,60.48651263297805,0.4231543300953021,127.74663789122371,2.4662217391029984,1
Telangana_Khammam,17.2473,80.1514,2024-08-01,2024-08-08,130.72228180748778,0.3991620236787124,127.74663789122371,2.4662217391029984,1
Telangana_Khammam,17.2473,80.1514,2024-09-01,2024-09-08,123.22025271941264,0.4215067184447152,127.74663789122371,2.4662217391029984,1
TamilNadu_Cuddalore,11.748,79.7714,2020-06-15,2020-06-22,13.050191113388497,0.0605478764827933,7.362741922868097,1.6630405438427578,1
TamilNadu_Cuddalore,11.748,79.7714,2020-07-01,2020-07-08,26.18027171428903,0.1458934564355903,7.362741922868097,1.6630405438427578,1
TamilNadu_Cuddalore,11.748,79.7714,2020-07-20,2020-07-27,10.544737361755889,0.1880940078503794,7.362741922868097,1.6630405438427578,1
TamilNadu_Cuddalore,11.748,79.7714,2020-08-05,2020-08-12,74.38685009614946,0.1730348166840541,7.362741922868097,1.6630405438427578,1
TamilNadu_Cuddalore,11.748,79.7714,2020-09-01,2020-09-08,19.80403633823365,0.243117592460756,7.362741922868097,1.6630405438427578,1
TamilNadu_Cuddalore,11.748,79.7714,2021-06-15,2021-06-22,15.77493442800779,0.0584691607097504,7.362741922868097,1.6630405438427578,1
TamilNadu_Cuddalore,11.748,79.7714,2021-07-01,2021-07-08,4.775794241439557,0.1885887167954058,7.362741922868097,1.6630405438427578,1
TamilNadu_Cuddalore,11.748,79.7714,2021-07-15,2021-07-22,41.39795788965728,0.0951181544489039,7.362741922868097,1.6630405438427578,1
TamilNadu_Cuddalore,11.748,79.7714,2021-08-01,2021-08-08,9.225722306839437,0.0579972583046139,7.362741922868097,1.6630405438427578,1
TamilNadu_Cuddalore,11.748,79.7714,2021-09-01,2021-09-08,35.903368545858235,0.238051923415475,7.362741922868097,1.6630405438427578,1
TamilNadu_Cuddalore,11.748,79.7714,2022-06-15,2022-06-22,24.3574061535062,0.1701371259305066,7.362741922868097,1.6630405438427578,1
TamilNadu_Cuddalore,11.748,79.7714,2022-07-01,2022-07-08,22.371839651283715,0.1333283269174557,7.362741922868097,1.6630405438427578,1
TamilNadu_Cuddalore,11.748,79.7714,2022-07-20,2022-07-27,30.36508324395995,0.1456630347474965,7.362741922868097,1.6630405438427578,1
TamilNadu_Cuddalore,11.748,79.7714,2022-08-01,2022-08-08,55.01442652285378,0.1572181456130191,7.362741922868097,1.6630405438427578,1
TamilNadu_Cuddalore,11.748,79.7714,2022-09-01,2022-09-08,34.79078100198504,0.2230446798024159,7.362741922868097,1.6630405438427578,1
TamilNadu_Cuddalore,11.748,79.7714,2023-06-15,2023-06-22,134.44365786959443,0.1591818018523515,7.362741922868097,1.6630405438427578,1
TamilNadu_Cuddalore,11.748,79.7714,2023-07-01,2023-07-08,33.73269677211867,0.1633750023235518,7.362741922868097,1.6630405438427578,1
TamilNadu_Cuddalore,11.748,79.7714,2023-07-25,2023-08-01,4.573958792184529,0.1122830343520934,7.362741922868097,1.6630405438427578,1
TamilNadu_Cuddalore,11.748,79.7714,2023-08-05,2023-08-12,74.63334245070497,0.0888354235079699,7.362741922868097,1.6630405438427578,1
TamilNadu_Cuddalore,11.748,79.7714,2023-09-01,2023-09-08,28.880041223817223,0.1374388584474317,7.362741922868097,1.6630405438427578,1
TamilNadu_Cuddalore,11.748,79.7714,2024-06-15,2024-06-22,21.14488987322584,0.1009904481178175,7.362741922868097,1.6630405438427578,1
TamilNadu_Cuddalore,11.748,79.7714,2024-07-01,2024-07-08,28.51234210599767,0.1021006437947399,7.362741922868097,1.6630405438427578,1
TamilNadu_Cuddalore,11.748,79.7714,2024-07-20,2024-07-27,11.321841018718006,0.0952475034273587,7.362741922868097,1.6630405438427578,1
TamilNadu_Cuddalore,11.748,79.7714,2024-08-01,2024-08-08,67.91794317547638,0.1707240363679464,7.362741922868097,1.6630405438427578,1
TamilNadu_Cuddalore,11.748,79.7714,2024-09-01,2024-09-08,29.4611652104913,0.1720618896244833,7.362741922868097,1.6630405438427578,1
Punjab_Ludhiana,30.901,75.8573,2020-06-15,2020-06-22,0.3920879911440018,0.1482626180239902,246.47498959564007,3.418470932346924,1
Punjab_Ludhiana,30.901,75.8573,2020-07-01,2020-07-08,44.03844198615572,0.2185815880713169,246.47498959564007,3.418470932346924,1
Punjab_Ludhiana,30.901,75.8573,2020-07-20,2020-07-27,24.84534477139129,0.3486668165544665,246.47498959564007,3.418470932346924,1
Punjab_Ludhiana,30.901,75.8573,2020-08-05,2020-08-12,48.53324105396254,0.3104364752945194,246.47498959564007,3.418470932346924,1
Punjab_Ludhiana,30.901,75.8573,2020-09-01,2020-09-08,44.67659627146753,0.3689025202172158,246.47498959564007,3.418470932346924,1
Punjab_Ludhiana,30.901,75.8573,2021-06-15,2021-06-22,5.04965284247653,0.1990110471540022,246.47498959564007,3.418470932346924,1
Punjab_Ludhiana,30.901,75.8573,2021-07-01,2021-07-08,0.0,0.1444758111021881,246.47498959564007,3.418470932346924,1
Punjab_Ludhiana,30.901,75.8573,2021-07-15,2021-07-22,149.20741028159853,0.3562281936863588,246.47498959564007,3.418470932346924,1
Punjab_Ludhiana,30.901,75.8573,2021-08-01,2021-08-08,64.81094807000241,0.3849162314630797,246.47498959564007,3.418470932346924,1
Punjab_Ludhiana,30.901,75.8573,2021-09-01,2021-09-08,31.236414899438696,0.3496554440155645,246.47498959564007,3.418470932346924,1
Punjab_Ludhiana,30.901,75.8573,2022-06-15,2022-06-22,12.16019482577832,0.2365870583036775,246.47498959564007,3.418470932346924,1
Punjab_Ludhiana,30.901,75.8573,2022-07-01,2022-07-08,79.1960602123572,0.3410552938664593,246.47498959564007,3.418470932346924,1
Punjab_Ludhiana,30.901,75.8573,2022-07-20,2022-07-27,88.74298354097968,0.3917962352809161,246.47498959564007,3.418470932346924,1
Punjab_Ludhiana,30.901,75.8573,2022-08-01,2022-08-08,60.8696582473417,0.3935888747958688,246.47498959564007,3.418470932346924,1
Punjab_Ludhiana,30.901,75.8573,2022-09-01,2022-09-08,0.0,0.2760970317300509,246.47498959564007,3.418470932346924,1
Punjab_Ludhiana,30.901,75.8573,2023-06-15,2023-06-22,0.0,0.15851730002445,246.47498959564007,3.418470932346924,1
Punjab_Ludhiana,30.901,75.8573,2023-07-01,2023-07-08,64.817527613491,0.3138177490674448,246.47498959564007,3.418470932346924,1
Punjab_Ludhiana,30.901,75.8573,2023-07-25,2023-08-01,48.811579426729935,0.3937082787564891,246.47498959564007,3.418470932346924,1
Punjab_Ludhiana,30.901,75.8573,2023-08-05,2023-08-12,0.9338997382771936,0.3633922605509025,246.47498959564007,3.418470932346924,1
Punjab_Ludhiana,30.901,75.8573,2023-09-01,2023-09-08,0.0,0.1722403212570956,246.47498959564007,3.418470932346924,1
Punjab_Ludhiana,30.901,75.8573,2024-06-15,2024-06-22,1.6025993583505695,0.1461404687829761,246.47498959564007,3.418470932346924,1
Punjab_Ludhiana,30.901,75.8573,2024-07-01,2024-07-08,134.67339688429465,0.327907522893797,246.47498959564007,3.418470932346924,1
Punjab_Ludhiana,30.901,75.8573,2024-07-20,2024-07-27,0.0878301356694329,0.2422775050229708,246.47498959564007,3.418470932346924,1
Punjab_Ludhiana,30.901,75.8573,2024-08-01,2024-08-08,62.9939954744245,0.3486890503743333,246.47498959564007,3.418470932346924,1
Punjab_Ludhiana,30.901,75.8573,2024-09-01,2024-09-08,49.89380648056908,0.3848745128111083,246.47498959564007,3.418470932346924,1
Hyderabad_IT,17.385,78.4867,2020-06-15,2020-06-22,38.71296038385342,0.3066307426280774,522.76658828551,3.053679976107341,0
Hyderabad_IT,17.385,78.4867,2020-07-01,2020-07-08,51.55292999238088,0.387300510776325,522.76658828551,3.053679976107341,0
Hyderabad_IT,17.385,78.4867,2020-07-20,2020-07-27,63.66439544443934,0.3948858304345985,522.76658828551,3.053679976107341,0
Hyderabad_IT,17.385,78.4867,2020-08-05,2020-08-12,16.248872373480733,0.3843728907943826,522.76658828551,3.053679976107341,0
Hyderabad_IT,17.385,78.4867,2020-09-01,2020-09-08,17.543818471595177,0.3178201956323385,522.76658828551,3.053679976107341,0
Hyderabad_IT,17.385,78.4867,2021-06-15,2021-06-22,16.06987352698109,0.3107631721148506,522.76658828551,3.053679976107341,0
Hyderabad_IT,17.385,78.4867,2021-07-01,2021-07-08,59.24656779098084,0.2736884514966649,522.76658828551,3.053679976107341,0
Hyderabad_IT,17.385,78.4867,2021-07-15,2021-07-22,66.84413784680174,0.3913277739434286,522.76658828551,3.053679976107341,0
Hyderabad_IT,17.385,78.4867,2021-08-01,2021-08-08,0.0,0.2862316446491956,522.76658828551,3.053679976107341,0
Hyderabad_IT,17.385,78.4867,2021-09-01,2021-09-08,107.51788961905127,0.4133662471820188,522.76658828551,3.053679976107341,0
Hyderabad_IT,17.385,78.4867,2022-06-15,2022-06-22,93.83149860113105,0.2212244324239529,522.76658828551,3.053679976107341,0
Hyderabad_IT,17.385,78.4867,2022-07-01,2022-07-08,61.98207361554247,0.3862254968354394,522.76658828551,3.053679976107341,0
Hyderabad_IT,17.385,78.4867,2022-07-20,2022-07-27,54.913805261454186,0.4080219722929455,522.76658828551,3.053679976107341,0
Hyderabad_IT,17.385,78.4867,2022-08-01,2022-08-08,88.72423395989726,0.4199087959019792,522.76658828551,3.053679976107341,0
Hyderabad_IT,17.385,78.4867,2022-09-01,2022-09-08,27.20057551258545,0.3435077675394363,522.76658828551,3.053679976107341,0
Hyderabad_IT,17.385,78.4867,2023-06-15,2023-06-22,27.748789280253263,0.1216437288387093,522.76658828551,3.053679976107341,0
Hyderabad_IT,17.385,78.4867,2023-07-01,2023-07-08,38.69743538453576,0.2491853150812893,522.76658828551,3.053679976107341,0
Hyderabad_IT,17.385,78.4867,2023-07-25,2023-08-01,125.33542177538584,0.4135660212842835,522.76658828551,3.053679976107341,0
Hyderabad_IT,17.385,78.4867,2023-08-05,2023-08-12,11.085169473987753,0.3298940243869213,522.76658828551,3.053679976107341,0
Hyderabad_IT,17.385,78.4867,2023-09-01,2023-09-08,54.60377763653654,0.3529517246101668,522.76658828551,3.053679976107341,0
Hyderabad_IT,17.385,78.4867,2024-06-15,2024-06-22,25.32618560405496,0.3123782201135536,522.76658828551,3.053679976107341,0
Hyderabad_IT,17.385,78.4867,2024-07-01,2024-07-08,34.08192073979072,0.3514584501074493,522.76658828551,3.053679976107341,0
Hyderabad_IT,17.385,78.4867,2024-07-20,2024-07-27,41.7227700245185,0.4259532174392409,522.76658828551,3.053679976107341,0
Hyderabad_IT,17.385,78.4867,2024-08-01,2024-08-08,87.05802201425264,0.4070833810959101,522.76658828551,3.053679976107341,0
Hyderabad_IT,17.385,78.4867,2024-09-01,2024-09-08,120.8681802774506,0.4154153237289807,522.76658828551,3.053679976107341,0
Bangalore_Central,12.9716,77.5946,2020-06-15,2020-06-22,25.039062951023585,0.3651072888667261,897.3703938267963,3.2585208280583102,0
Bangalore_Central,12.9716,77.5946,2020-07-01,2020-07-08,55.69099470544676,0.4690054667121668,897.3703938267963,3.2585208280583102,0
Bangalore_Central,12.9716,77.5946,2020-07-20,2020-07-27,50.65334165377308,0.4666688588349355,897.3703938267963,3.2585208280583102,0
Bangalore_Central,12.9716,77.5946,2020-08-05,2020-08-12,40.55958557473388,0.4730802560277265,897.3703938267963,3.2585208280583102,0
Bangalore_Central,12.9716,77.5946,2020-09-01,2020-09-08,71.67902184801862,0.4661601455893702,897.3703938267963,3.2585208280583102,0
Bangalore_Central,12.9716,77.5946,2021-06-15,2021-06-22,1.973063827014241,0.411745066003165,897.3703938267963,3.2585208280583102,0
Bangalore_Central,12.9716,77.5946,2021-07-01,2021-07-08,65.84632987948878,0.435120849442976,897.3703938267963,3.2585208280583102,0
Bangalore_Central,12.9716,77.5946,2021-07-15,2021-07-22,67.41103743872262,0.4833448615952952,897.3703938267963,3.2585208280583102,0
Bangalore_Central,12.9716,77.5946,2021-08-01,2021-08-08,0.4784683546639214,0.4287652709361901,897.3703938267963,3.2585208280583102,0
Bangalore_Central,12.9716,77.5946,2021-09-01,2021-09-08,42.37013955768976,0.4761515970621833,897.3703938267963,3.2585208280583102,0
Bangalore_Central,12.9716,77.5946,2022-06-15,2022-06-22,64.51048699866682,0.4726989510361822,897.3703938267963,3.2585208280583102,0
Bangalore_Central,12.9716,77.5946,2022-07-01,2022-07-08,28.498957881818708,0.4753940919233383,897.3703938267963,3.2585208280583102,0
Bangalore_Central,12.9716,77.5946,2022-07-20,2022-07-27,57.18042051402335,0.4793264945781434,897.3703938267963,3.2585208280583102,0
Bangalore_Central,12.9716,77.5946,2022-08-01,2022-08-08,105.2179062767174,0.4782114304182357,897.3703938267963,3.2585208280583102,0
Bangalore_Central,12.9716,77.5946,2022-09-01,2022-09-08,115.63119452008726,0.477932985389679,897.3703938267963,3.2585208280583102,0
Bangalore_Central,12.9716,77.5946,2023-06-15,2023-06-22,52.202970548908965,0.361970213845356,897.3703938267963,3.2585208280583102,0
Bangalore_Central,12.9716,77.5946,2023-07-01,2023-07-08,24.383251259082165,0.4686572179929511,897.3703938267963,3.2585208280583102,0
Bangalore_Central,12.9716,77.5946,2023-07-25,2023-08-01,15.941253013211965,0.4520535881239386,897.3703938267963,3.2585208280583102,0
Bangalore_Central,12.9716,77.5946,2023-08-05,2023-08-12,7.603294304976445,0.3757955332748762,897.3703938267963,3.2585208280583102,0
Bangalore_Central,12.9716,77.5946,2023-09-01,2023-09-08,70.50446541354682,0.410986881124371,897.3703938267963,3.2585208280583102,0
Bangalore_Central,12.9716,77.5946,2024-06-15,2024-06-22,21.871099536950936,0.4682689550268741,897.3703938267963,3.2585208280583102,0
Bangalore_Central,12.9716,77.5946,2024-07-01,2024-07-08,37.84112163605345,0.4556613162230337,897.3703938267963,3.2585208280583102,0
Bangalore_Central,12.9716,77.5946,2024-07-20,2024-07-27,18.594486849298946,0.4540674733058274,897.3703938267963,3.2585208280583102,0
Bangalore_Central,12.9716,77.5946,2024-08-01,2024-08-08,58.36493671955716,0.4761510009377361,897.3703938267963,3.2585208280583102,0
Bangalore_Central,12.9716,77.5946,2024-09-01,2024-09-08,14.145132485677983,0.4709874344842731,897.3703938267963,3.2585208280583102,0
Bangalore_North,13.0358,77.597,2020-06-15,2020-06-22,21.656789268526,0.3662643486779556,906.444159584532,3.077544555177918,0
Bangalore_North,13.0358,77.597,2020-07-01,2020-07-08,47.51045064809845,0.4750346920801699,906.444159584532,3.077544555177918,0
Bangalore_North,13.0358,77.597,2020-07-20,2020-07-27,44.635857717111335,0.4669161892812187,906.444159584532,3.077544555177918,0
Bangalore_North,13.0358,77.597,2020-08-05,2020-08-12,41.4487569461145,0.4785903279604619,906.444159584532,3.077544555177918,0
Bangalore_North,13.0358,77.597,2020-09-01,2020-09-08,67.93474623379186,0.4690121975253377,906.444159584532,3.077544555177918,0
Bangalore_North,13.0358,77.597,2021-06-15,2021-06-22,1.7442800784256398,0.4174966267732549,906.444159584532,3.077544555177918,0
Bangalore_North,13.0358,77.597,2021-07-01,2021-07-08,64.02915467830692,0.4388510512527946,906.444159584532,3.077544555177918,0
Bangalore_North,13.0358,77.597,2021-07-15,2021-07-22,53.41163532544926,0.486094576867713,906.444159584532,3.077544555177918,0
Bangalore_North,13.0358,77.597,2021-08-01,2021-08-08,0.0,0.4346490568064074,906.444159584532,3.077544555177918,0
Bangalore_North,13.0358,77.597,2021-09-01,2021-09-08,36.39452666752948,0.4773117480396755,906.444159584532,3.077544555177918,0
Bangalore_North,13.0358,77.597,2022-06-15,2022-06-22,57.26830706218392,0.475623107466858,906.444159584532,3.077544555177918,0
Bangalore_North,13.0358,77.597,2022-07-01,2022-07-08,30.85842708643617,0.4773878492225079,906.444159584532,3.077544555177918,0
Bangalore_North,13.0358,77.597,2022-07-20,2022-07-27,54.44436166635373,0.4796494987657779,906.444159584532,3.077544555177918,0
Bangalore_North,13.0358,77.597,2022-08-01,2022-08-08,105.8150074363845,0.4784443728767907,906.444159584532,3.077544555177918,0
Bangalore_North,13.0358,77.597,2022-09-01,2022-09-08,109.62116976572972,0.4810324558198618,906.444159584532,3.077544555177918,0
Bangalore_North,13.0358,77.597,2023-06-15,2023-06-22,49.46055511975797,0.3637387691079503,906.444159584532,3.077544555177918,0
Bangalore_North,13.0358,77.597,2023-07-01,2023-07-08,17.774041887827032,0.4679506689904645,906.444159584532,3.077544555177918,0
Bangalore_North,13.0358,77.597,2023-07-25,2023-08-01,12.697842584514037,0.4592597287034857,906.444159584532,3.077544555177918,0
Bangalore_North,13.0358,77.597,2023-08-05,2023-08-12,6.589663302707598,0.3839106870145451,906.444159584532,3.077544555177918,0
Bangalore_North,13.0358,77.597,2023-09-01,2023-09-08,71.92236748555808,0.414490139395871,906.444159584532,3.077544555177918,0
Bangalore_North,13.0358,77.597,2024-06-15,2024-06-22,18.454417743169277,0.469918186737145,906.444159584532,3.077544555177918,0
Bangalore_North,13.0358,77.597,2024-07-01,2024-07-08,32.694602215798895,0.4595371262725479,906.444159584532,3.077544555177918,0
Bangalore_North,13.0358,77.597,2024-07-20,2024-07-27,19.875863389997946,0.4592719182916755,906.444159584532,3.077544555177918,0
Bangalore_North,13.0358,77.597,2024-08-01,2024-08-08,60.14349031902666,0.476997042459155,906.444159584532,3.077544555177918,0
Bangalore_North,13.0358,77.597,2024-09-01,2024-09-08,17.575562167094972,0.4727456599877568,906.444159584532,3.077544555177918,0
Delhi_Central,28.7041,77.1025,2020-06-15,2020-06-22,10.868767232111052,0.1162009065082222,216.03402963768053,3.2847625376036165,0
Delhi_Central,28.7041,77.1025,2020-07-01,2020-07-08,53.98214077035039,0.1524171189453874,216.03402963768053,3.2847625376036165,0
Delhi_Central,28.7041,77.1025,2020-07-20,2020-07-27,36.268983482334704,0.3356595295711644,216.03402963768053,3.2847625376036165,0
Delhi_Central,28.7041,77.1025,2020-08-05,2020-08-12,34.55016249548898,0.2909511187657626,216.03402963768053,3.2847625376036165,0
Delhi_Central,28.7041,77.1025,2020-09-01,2020-09-08,50.00049370870196,0.3213748915688063,216.03402963768053,3.2847625376036165,0
Delhi_Central,28.7041,77.1025,2021-06-15,2021-06-22,16.133365443144754,0.1996439733747576,216.03402963768053,3.2847625376036165,0
Delhi_Central,28.7041,77.1025,2021-07-01,2021-07-08,0.0,0.1135112212510818,216.03402963768053,3.2847625376036165,0
Delhi_Central,28.7041,77.1025,2021-07-15,2021-07-22,98.38773207337886,0.2865104465981732,216.03402963768053,3.2847625376036165,0
Delhi_Central,28.7041,77.1025,2021-08-01,2021-08-08,51.7321403184982,0.3825258146237793,216.03402963768053,3.2847625376036165,0
Delhi_Central,28.7041,77.1025,2021-09-01,2021-09-08,138.23204693141045,0.3923101891760528,216.03402963768053,3.2847625376036165,0
Delhi_Central,28.7041,77.1025,2022-06-15,2022-06-22,30.753674035570388,0.1338776818869185,216.03402963768053,3.2847625376036165,0
Delhi_Central,28.7041,77.1025,2022-07-01,2022-07-08,9.945997171532614,0.3495027489911039,216.03402963768053,3.2847625376036165,0
Delhi_Central,28.7041,77.1025,2022-07-20,2022-07-27,44.76425900361309,0.3886620133260609,216.03402963768053,3.2847625376036165,0
Delhi_Central,28.7041,77.1025,2022-08-01,2022-08-08,67.86352351626302,0.3955875908544322,216.03402963768053,3.2847625376036165,0
Delhi_Central,28.7041,77.1025,2022-09-01,2022-09-08,30.09957356191661,0.1519656170433822,216.03402963768053,3.2847625376036165,0
Delhi_Central,28.7041,77.1025,2023-06-15,2023-06-22,0.814551053961662,0.1478199239605372,216.03402963768053,3.2847625376036165,0
Delhi_Central,28.7041,77.1025,2023-07-01,2023-07-08,33.83782050250326,0.2732559859195893,216.03402963768053,3.2847625376036165,0
Delhi_Central,28.7041,77.1025,2023-07-25,2023-08-01,91.60310497349252,0.3989946091382989,216.03402963768053,3.2847625376036165,0
Delhi_Central,28.7041,77.1025,2023-08-05,2023-08-12,18.175327991132864,0.3179509231863409,216.03402963768053,3.2847625376036165,0
Delhi_Central,28.7041,77.1025,2023-09-01,2023-09-08,10.644418170354136,0.1338036786537337,216.03402963768053,3.2847625376036165,0
Delhi_Central,28.7041,77.1025,2024-06-15,2024-06-22,0.7719305801900638,0.1185014228738571,216.03402963768053,3.2847625376036165,0
Delhi_Central,28.7041,77.1025,2024-07-01,2024-07-08,48.44762236059527,0.3973265429917941,216.03402963768053,3.2847625376036165,0
Delhi_Central,28.7041,77.1025,2024-07-20,2024-07-27,56.67075688642996,0.277390162150065,216.03402963768053,3.2847625376036165,0
Delhi_Central,28.7041,77.1025,2024-08-01,2024-08-08,26.77373836922318,0.3287374409371535,216.03402963768053,3.2847625376036165,0
Delhi_Central,28.7041,77.1025,2024-09-01,2024-09-08,139.12076986456563,0.4017637747305411,216.03402963768053,3.2847625376036165,0
Delhi_South,28.5355,77.391,2020-06-15,2020-06-22,0.0811167715267497,0.1454637089098405,200.78449562635504,3.5354689137563,0
Delhi_South,28.5355,77.391,2020-07-01,2020-07-08,58.49745438021207,0.2076165874720901,200.78449562635504,3.5354689137563,0
Delhi_South,28.5355,77.391,2020-07-20,2020-07-27,59.79162715745014,0.3655760766451836,200.78449562635504,3.5354689137563,0
Delhi_South,28.5355,77.391,2020-08-05,2020-08-12,42.26802671401415,0.3446455522267255,200.78449562635504,3.5354689137563,0
Delhi_South,28.5355,77.391,2020-09-01,2020-09-08,72.12293637506345,0.3523477490267603,200.78449562635504,3.5354689137563,0
Delhi_South,28.5355,77.391,2021-06-15,2021-06-22,18.270101206175863,0.2495847514619293,200.78449562635504,3.5354689137563,0
Delhi_South,28.5355,77.391,2021-07-01,2021-07-08,0.6961358526763131,0.1450047506116966,200.78449562635504,3.5354689137563,0
Delhi_South,28.5355,77.391,2021-07-15,2021-07-22,106.62221840143611,0.3322591445084148,200.78449562635504,3.5354689137563,0
Delhi_South,28.5355,77.391,2021-08-01,2021-08-08,46.90705310075606,0.386460242458455,200.78449562635504,3.5354689137563,0
Delhi_South,28.5355,77.391,2021-09-01,2021-09-08,151.24762810695643,0.4005203043149397,200.78449562635504,3.5354689137563,0
Delhi_South,28.5355,77.391,2022-06-15,2022-06-22,27.56657675590564,0.16743257635928,200.78449562635504,3.5354689137563,0
Delhi_South,28.5355,77.391,2022-07-01,2022-07-08,31.83912169225833,0.3275742472648996,200.78449562635504,3.5354689137563,0
Delhi_South,28.5355,77.391,2022-07-20,2022-07-27,46.5288455012732,0.3876585623230596,200.78449562635504,3.5354689137563,0
Delhi_South,28.5355,77.391,2022-08-01,2022-08-08,57.3593553390961,0.3916484758201177,200.78449562635504,3.5354689137563,0
Delhi_South,28.5355,77.391,2022-09-01,2022-09-08,37.89845335536715,0.1799107721341996,200.78449562635504,3.5354689137563,0
Delhi_South,28.5355,77.391,2023-06-15,2023-06-22,0.0,0.1905246633534416,200.78449562635504,3.5354689137563,0
Delhi_South,28.5355,77.391,2023-07-01,2023-07-08,41.12591721091427,0.3312949612590094,200.78449562635504,3.5354689137563,0
Delhi_South,28.5355,77.391,2023-07-25,2023-08-01,105.70199542331856,0.4035603849652963,200.78449562635504,3.5354689137563,0
Delhi_South,28.5355,77.391,2023-08-05,2023-08-12,28.20520051151361,0.3552724380873482,200.78449562635504,3.5354689137563,0
Delhi_South,28.5355,77.391,2023-09-01,2023-09-08,1.9811991173039167,0.1979412749169239,200.78449562635504,3.5354689137563,0
Delhi_South,28.5355,77.391,2024-06-15,2024-06-22,0.1864668081603995,0.1458770109414585,200.78449562635504,3.5354689137563,0
Delhi_South,28.5355,77.391,2024-07-01,2024-07-08,71.54422400263527,0.4039042476717605,200.78449562635504,3.5354689137563,0
Delhi_South,28.5355,77.391,2024-07-20,2024-07-27,64.91363827065783,0.3131829795602204,200.78449562635504,3.5354689137563,0
Delhi_South,28.5355,77.391,2024-08-01,2024-08-08,42.47678330390367,0.3529603129435317,200.78449562635504,3.5354689137563,0
Delhi_South,28.5355,77.391,2024-09-01,2024-09-08,131.45305730908038,0.397571979569244,200.78449562635504,3.5354689137563,0
Kolkata_Central,22.5726,88.3639,2020-06-15,2020-06-22,102.69765257285326,0.4163428903531008,6.880774277766366,2.561797150937871,0
Kolkata_Central,22.5726,88.3639,2020-07-01,2020-07-08,35.362635027098854,0.3957860991410175,6.880774277766366,2.561797150937871,0
Kolkata_Central,22.5726,88.3639,2020-07-20,2020-07-27,102.40381202254268,0.4049016052151318,6.880774277766366,2.561797150937871,0
Kolkata_Central,22.5726,88.3639,2020-08-05,2020-08-12,55.30730378567615,0.4019387469610894,6.880774277766366,2.561797150937871,0
Kolkata_Central,22.5726,88.3639,2020-09-01,2020-09-08,37.29737108511812,0.3948584988990925,6.880774277766366,2.561797150937871,0
Kolkata_Central,22.5726,88.3639,2021-06-15,2021-06-22,233.4145042794853,0.4241820422923507,6.880774277766366,2.561797150937871,0
Kolkata_Central,22.5726,88.3639,2021-07-01,2021-07-08,174.51288619828725,0.4117995597149602,6.880774277766366,2.561797150937871,0
Kolkata_Central,22.5726,88.3639,2021-07-15,2021-07-22,71.80216194729024,0.3776394919743613,6.880774277766366,2.561797150937871,0
Kolkata_Central,22.5726,88.3639,2021-08-01,2021-08-08,119.15017076611262,0.4018190651124226,6.880774277766366,2.561797150937871,0
Kolkata_Central,22.5726,88.3639,2021-09-01,2021-09-08,37.90778739682702,0.3982142566235991,6.880774277766366,2.561797150937871,0
Kolkata_Central,22.5726,88.3639,2022-06-15,2022-06-22,51.45038431904347,0.2916751702297466,6.880774277766366,2.561797150937871,0
Kolkata_Central,22.5726,88.3639,2022-07-01,2022-07-08,41.52507498767966,0.3955504382536936,6.880774277766366,2.561797150937871,0
Kolkata_Central,22.5726,88.3639,2022-07-20,2022-07-27,35.59423419409891,0.3792534532672047,6.880774277766366,2.561797150937871,0
Kolkata_Central,22.5726,88.3639,2022-08-01,2022-08-08,68.7839907738659,0.4010237357466693,6.880774277766366,2.561797150937871,0
Kolkata_Central,22.5726,88.3639,2022-09-01,2022-09-08,38.634138305151126,0.3755322118723614,6.880774277766366,2.561797150937871,0
Kolkata_Central,22.5726,88.3639,2023-06-15,2023-06-22,34.382662270339004,0.1797258266504259,6.880774277766366,2.561797150937871,0
Kolkata_Central,22.5726,88.3639,2023-07-01,2023-07-08,65.40156699945881,0.3780425250077757,6.880774277766366,2.561797150937871,0
Kolkata_Central,22.5726,88.3639,2023-07-25,2023-08-01,69.70130430766811,0.3623443760157783,6.880774277766366,2.561797150937871,0
Kolkata_Central,22.5726,88.3639,2023-08-05,2023-08-12,52.65803061549236,0.416706035053261,6.880774277766366,2.561797150937871,0
Kolkata_Central,22.5726,88.3639,2023-09-01,2023-09-08,120.73186308717077,0.4137553356531326,6.880774277766366,2.561797150937871,0
Kolkata_Central,22.5726,88.3639,2024-06-15,2024-06-22,23.73863697784705,0.2370938716385593,6.880774277766366,2.561797150937871,0
Kolkata_Central,22.5726,88.3639,2024-07-01,2024-07-08,63.27511657255542,0.4154517266567695,6.880774277766366,2.561797150937871,0
Kolkata_Central,22.5726,88.3639,2024-07-20,2024-07-27,29.95549802859224,0.3974199825521169,6.880774277766366,2.561797150937871,0
Kolkata_Central,22.5726,88.3639,2024-08-01,2024-08-08,159.2644423078786,0.4196716065074428,6.880774277766366,2.561797150937871,0
Kolkata_Central,22.5726,88.3639,2024-09-01,2024-09-08,29.32920838476688,0.3953850966638494,6.880774277766366,2.561797150937871,0
Pune_City,18.5204,73.8567,2020-06-15,2020-06-22,49.89233450960232,0.4412032723409973,589.7934178385088,3.797606559941247,0
Pune_City,18.5204,73.8567,2020-07-01,2020-07-08,19.86182189535212,0.4564427578872048,589.7934178385088,3.797606559941247,0
Pune_City,18.5204,73.8567,2020-07-20,2020-07-27,65.85354774086565,0.4496566197857675,589.7934178385088,3.797606559941247,0
Pune_City,18.5204,73.8567,2020-08-05,2020-08-12,13.056873259720984,0.4472774993704589,589.7934178385088,3.797606559941247,0
Pune_City,18.5204,73.8567,2020-09-01,2020-09-08,24.010024156747043,0.4230057336490032,589.7934178385088,3.797606559941247,0
Pune_City,18.5204,73.8567,2021-06-15,2021-06-22,7.014972139287879,0.4177762884970386,589.7934178385088,3.797606559941247,0
Pune_City,18.5204,73.8567,2021-07-01,2021-07-08,38.98647199551266,0.3396711063802755,589.7934178385088,3.797606559941247,0
Pune_City,18.5204,73.8567,2021-07-15,2021-07-22,78.96569071875679,0.4565236857167505,589.7934178385088,3.797606559941247,0
Pune_City,18.5204,73.8567,2021-08-01,2021-08-08,0.0,0.4287149280549712,589.7934178385088,3.797606559941247,0
Pune_City,18.5204,73.8567,2021-09-01,2021-09-08,100.96259654645569,0.4408453811574355,589.7934178385088,3.797606559941247,0
Pune_City,18.5204,73.8567,2022-06-15,2022-06-22,9.25974369937623,0.3143228037943185,589.7934178385088,3.797606559941247,0
Pune_City,18.5204,73.8567,2022-07-01,2022-07-08,58.49474013681766,0.4305130549031023,589.7934178385088,3.797606559941247,0
Pune_City,18.5204,73.8567,2022-07-20,2022-07-27,15.734760997913506,0.4451278347205657,589.7934178385088,3.797606559941247,0
Pune_City,18.5204,73.8567,2022-08-01,2022-08-08,76.13224640069187,0.4447398247044352,589.7934178385088,3.797606559941247,0
Pune_City,18.5204,73.8567,2022-09-01,2022-09-08,78.03299668735932,0.4393223500679622,589.7934178385088,3.797606559941247,0
Pune_City,18.5204,73.8567,2023-06-15,2023-06-22,0.0,0.2298114080457375,589.7934178385088,3.797606559941247,0
Pune_City,18.5204,73.8567,2023-07-01,2023-07-08,99.11705570150306,0.4534467379386871,589.7934178385088,3.797606559941247,0
Pune_City,18.5204,73.8567,2023-07-25,2023-08-01,130.49745081477698,0.457358377135135,589.7934178385088,3.797606559941247,0
Pune_City,18.5204,73.8567,2023-08-05,2023-08-12,0.0,0.3986230591217035,589.7934178385088,3.797606559941247,0
Pune_City,18.5204,73.8567,2023-09-01,2023-09-08,12.128123620704372,0.3641037835194866,589.7934178385088,3.797606559941247,0
Pune_City,18.5204,73.8567,2024-06-15,2024-06-22,37.236179945380606,0.4264906056775907,589.7934178385088,3.797606559941247,0
Pune_City,18.5204,73.8567,2024-07-01,2024-07-08,10.840233857543383,0.4404246036626026,589.7934178385088,3.797606559941247,0
Pune_City,18.5204,73.8567,2024-07-20,2024-07-27,173.36990211274895,0.4631889110671374,589.7934178385088,3.797606559941247,0
Pune_City,18.5204,73.8567,2024-08-01,2024-08-08,35.40837157108166,0.4507381255400623,589.7934178385088,3.797606559941247,0
Pune_City,18.5204,73.8567,2024-09-01,2024-09-08,36.65596912313392,0.4429508795151354,589.7934178385088,3.797606559941247,0
Jaipur,26.9124,75.7873,2020-06-15,2020-06-22,1.5097033981454328e-06,0.1524035649104314,438.02683431248,4.831367941900735,0
Jaipur,26.9124,75.7873,2020-07-01,2020-07-08,41.59492899870056,0.1674435591721511,438.02683431248,4.831367941900735,0
Jaipur,26.9124,75.7873,2020-07-20,2020-07-27,35.63370617197411,0.2720399995664735,438.02683431248,4.831367941900735,0
Jaipur,26.9124,75.7873,2020-08-05,2020-08-12,77.74825272653422,0.3199295842961157,438.02683431248,4.831367941900735,0
Jaipur,26.9124,75.7873,2020-09-01,2020-09-08,57.53984617037344,0.385705830246617,438.02683431248,4.831367941900735,0
Jaipur,26.9124,75.7873,2021-06-15,2021-06-22,18.745008814843032,0.1502468782387453,438.02683431248,4.831367941900735,0
Jaipur,26.9124,75.7873,2021-07-01,2021-07-08,0.0,0.1427309625036828,438.02683431248,4.831367941900735,0
Jaipur,26.9124,75.7873,2021-07-15,2021-07-22,89.7167915488189,0.2595016047591731,438.02683431248,4.831367941900735,0
Jaipur,26.9124,75.7873,2021-08-01,2021-08-08,115.3572293860691,0.3993475602461503,438.02683431248,4.831367941900735,0
Jaipur,26.9124,75.7873,2021-09-01,2021-09-08,58.54412007448476,0.342059532086769,438.02683431248,4.831367941900735,0
Jaipur,26.9124,75.7873,2022-06-15,2022-06-22,7.634133389673914,0.1729011205367711,438.02683431248,4.831367941900735,0
Jaipur,26.9124,75.7873,2022-07-01,2022-07-08,47.635463971178666,0.3620884376091438,438.02683431248,4.831367941900735,0
Jaipur,26.9124,75.7873,2022-07-20,2022-07-27,129.10489869534263,0.4110455982057087,438.02683431248,4.831367941900735,0
Jaipur,26.9124,75.7873,2022-08-01,2022-08-08,119.53814938816468,0.3765289953221014,438.02683431248,4.831367941900735,0
Jaipur,26.9124,75.7873,2022-09-01,2022-09-08,25.541015916567098,0.2459871258451428,438.02683431248,4.831367941900735,0
Jaipur,26.9124,75.7873,2023-06-15,2023-06-22,14.153349889399369,0.2385171373883685,438.02683431248,4.831367941900735,0
Jaipur,26.9124,75.7873,2023-07-01,2023-07-08,78.71764924391262,0.3348094903346978,438.02683431248,4.831367941900735,0
Jaipur,26.9124,75.7873,2023-07-25,2023-08-01,100.73691759452711,0.3939363938826066,438.02683431248,4.831367941900735,0
Jaipur,26.9124,75.7873,2023-08-05,2023-08-12,4.264553374631018,0.2874894353337499,438.02683431248,4.831367941900735,0
Jaipur,26.9124,75.7873,2023-09-01,2023-09-08,1.2732737619172103,0.149164344896843,438.02683431248,4.831367941900735,0
Jaipur,26.9124,75.7873,2024-06-15,2024-06-22,7.1019395968084735,0.1436703607315942,438.02683431248,4.831367941900735,0
Jaipur,26.9124,75.7873,2024-07-01,2024-07-08,79.84992358186376,0.3375849868312027,438.02683431248,4.831367941900735,0
Jaipur,26.9124,75.7873,2024-07-20,2024-07-27,88.7670066576584,0.3135365856118571,438.02683431248,4.831367941900735,0
Jaipur,26.9124,75.7873,2024-08-01,2024-08-08,63.31130508973332,0.4136159272500367,438.02683431248,4.831367941900735,0
Jaipur,26.9124,75.7873,2024-09-01,2024-09-08,130.40719204845337,0.4144193547033208,438.02683431248,4.831367941900735,0
Lucknow,26.8467,80.9462,2020-06-15,2020-06-22,15.872836749934589,0.26885973314802,120.05515260879544,3.042232879509289,0
Lucknow,26.8467,80.9462,2020-07-01,2020-07-08,84.07705546072705,0.3843046666400121,120.05515260879544,3.042232879509289,0
Lucknow,26.8467,80.9462,2020-07-20,2020-07-27,66.82464181094731,0.3976004694531214,120.05515260879544,3.042232879509289,0
Lucknow,26.8467,80.9462,2020-08-05,2020-08-12,58.44555071725524,0.3961636319516007,120.05515260879544,3.042232879509289,0
Lucknow,26.8467,80.9462,2020-09-01,2020-09-08,32.75402556650737,0.3676658155632859,120.05515260879544,3.042232879509289,0
Lucknow,26.8467,80.9462,2021-06-15,2021-06-22,46.826365297611616,0.3836972296548014,120.05515260879544,3.042232879509289,0
Lucknow,26.8467,80.9462,2021-07-01,2021-07-08,42.94267824955034,0.2635552821134557,120.05515260879544,3.042232879509289,0
Lucknow,26.8467,80.9462,2021-07-15,2021-07-22,72.73874431896242,0.339821376116161,120.05515260879544,3.042232879509289,0
Lucknow,26.8467,80.9462,2021-08-01,2021-08-08,33.67118341384182,0.3529305433263393,120.05515260879544,3.042232879509289,0
Lucknow,26.8467,80.9462,2021-09-01,2021-09-08,35.67531975569562,0.3915789703281622,120.05515260879544,3.042232879509289,0
Lucknow,26.8467,80.9462,2022-06-15,2022-06-22,6.140803492882507,0.1473498136437192,120.05515260879544,3.042232879509289,0
Lucknow,26.8467,80.9462,2022-07-01,2022-07-08,21.86063995653439,0.3639061853887876,120.05515260879544,3.042232879509289,0
Lucknow,26.8467,80.9462,2022-07-20,2022-07-27,81.46541745796297,0.3816353602140319,120.05515260879544,3.042232879509289,0
Lucknow,26.8467,80.9462,2022-08-01,2022-08-08,71.90642645464433,0.4059613174289899,120.05515260879544,3.042232879509289,0
Lucknow,26.8467,80.9462,2022-09-01,2022-09-08,36.65461473136342,0.3740411428701118,120.05515260879544,3.042232879509289,0
Lucknow,26.8467,80.9462,2023-06-15,2023-06-22,17.842415691459387,0.1790621279080073,120.05515260879544,3.042232879509289,0
Lucknow,26.8467,80.9462,2023-07-01,2023-07-08,125.47145637567974,0.3972769840663316,120.05515260879544,3.042232879509289,0
Lucknow,26.8467,80.9462,2023-07-25,2023-08-01,34.221922146000175,0.3836884537394466,120.05515260879544,3.042232879509289,0
Lucknow,26.8467,80.9462,2023-08-05,2023-08-12,114.64183009994431,0.4073438604974868,120.05515260879544,3.042232879509289,0
Lucknow,26.8467,80.9462,2023-09-01,2023-09-08,33.91932142000766,0.285859590596289,120.05515260879544,3.042232879509289,0
Lucknow,26.8467,80.9462,2024-06-15,2024-06-22,0.0,0.1391260965801929,120.05515260879544,3.042232879509289,0
Lucknow,26.8467,80.9462,2024-07-01,2024-07-08,191.3653157422072,0.420250272248385,120.05515260879544,3.042232879509289,0
Lucknow,26.8467,80.9462,2024-07-20,2024-07-27,25.77572064793073,0.3933036397644181,120.05515260879544,3.042232879509289,0
Lucknow,26.8467,80.9462,2024-08-01,2024-08-08,38.57880815163416,0.401648285071882,120.05515260879544,3.042232879509289,0
Lucknow,26.8467,80.9462,2024-09-01,2024-09-08,24.28620760174441,0.3872391240380837,120.05515260879544,3.042232879509289,0
Indore,22.7196,75.8577,2020-06-15,2020-06-22,59.3333323994124,0.4005038841328583,559.0346658199787,2.089017334060059,0
Indore,22.7196,75.8577,2020-07-01,2020-07-08,71.67320456670201,0.447520733761763,559.0346658199787,2.089017334060059,0
Indore,22.7196,75.8577,2020-07-20,2020-07-27,44.33464303309087,0.4385217205961097,559.0346658199787,2.089017334060059,0
Indore,22.7196,75.8577,2020-08-05,2020-08-12,20.78122715867324,0.475361414403285,559.0346658199787,2.089017334060059,0
Indore,22.7196,75.8577,2020-09-01,2020-09-08,16.42265242200366,0.4273707627351663,559.0346658199787,2.089017334060059,0
Indore,22.7196,75.8577,2021-06-15,2021-06-22,14.442639457697124,0.3323651001771128,559.0346658199787,2.089017334060059,0
Indore,22.7196,75.8577,2021-07-01,2021-07-08,0.3466901407076444,0.3361700097842345,559.0346658199787,2.089017334060059,0
Indore,22.7196,75.8577,2021-07-15,2021-07-22,21.58067788993348,0.4190738114725854,559.0346658199787,2.089017334060059,0
Indore,22.7196,75.8577,2021-08-01,2021-08-08,151.80867455081443,0.4840708857735938,559.0346658199787,2.089017334060059,0
Indore,22.7196,75.8577,2021-09-01,2021-09-08,76.4068351487893,0.4848993963311494,559.0346658199787,2.089017334060059,0
Indore,22.7196,75.8577,2022-06-15,2022-06-22,27.672864647528343,0.3111960549271242,559.0346658199787,2.089017334060059,0
Indore,22.7196,75.8577,2022-07-01,2022-07-08,159.84683411934472,0.4771947820858828,559.0346658199787,2.089017334060059,0
Indore,22.7196,75.8577,2022-07-20,2022-07-27,85.25552316983313,0.4778601067161756,559.0346658199787,2.089017334060059,0
Indore,22.7196,75.8577,2022-08-01,2022-08-08,108.66577737765508,0.473450069290271,559.0346658199787,2.089017334060059,0
Indore,22.7196,75.8577,2022-09-01,2022-09-08,50.91074528032643,0.4653741443839209,559.0346658199787,2.089017334060059,0
Indore,22.7196,75.8577,2023-06-15,2023-06-22,11.308063985381514,0.2628137760351847,559.0346658199787,2.089017334060059,0
Indore,22.7196,75.8577,2023-07-01,2023-07-08,104.40213746383702,0.4675120998956276,559.0346658199787,2.089017334060059,0
Indore,22.7196,75.8577,2023-07-25,2023-08-01,37.80994359330635,0.4747278087389882,559.0346658199787,2.089017334060059,0
Indore,22.7196,75.8577,2023-08-05,2023-08-12,0.0,0.4594507786540717,559.0346658199787,2.089017334060059,0
Indore,22.7196,75.8577,2023-09-01,2023-09-08,34.059228352384075,0.3922697435139222,559.0346658199787,2.089017334060059,0
Indore,22.7196,75.8577,2024-06-15,2024-06-22,49.58307240584681,0.3478805449205787,559.0346658199787,2.089017334060059,0
Indore,22.7196,75.8577,2024-07-01,2024-07-08,47.88918694595381,0.4768703595298986,559.0346658199787,2.089017334060059,0
Indore,22.7196,75.8577,2024-07-20,2024-07-27,128.6886337018771,0.476611497492854,559.0346658199787,2.089017334060059,0
Indore,22.7196,75.8577,2024-08-01,2024-08-08,73.51911144277265,0.4841195369510057,559.0346658199787,2.089017334060059,0
Indore,22.7196,75.8577,2024-09-01,2024-09-08,53.25740049650214,0.4735680469383561,559.0346658199787,2.089017334060059,0
Bhopal,23.2599,77.4126,2020-06-15,2020-06-22,60.78155987693726,0.3594761955068832,500.547580850712,2.678854957812784,0
Bhopal,23.2599,77.4126,2020-07-01,2020-07-08,68.51549837322453,0.4451033887703919,500.547580850712,2.678854957812784,0
Bhopal,23.2599,77.4126,2020-07-20,2020-07-27,40.09142256039628,0.399002253833132,500.547580850712,2.678854957812784,0
Bhopal,23.2599,77.4126,2020-08-05,2020-08-12,63.44619085029345,0.4606555871092593,500.547580850712,2.678854957812784,0
Bhopal,23.2599,77.4126,2020-09-01,2020-09-08,14.312814571594064,0.4030441647746314,500.547580850712,2.678854957812784,0
Bhopal,23.2599,77.4126,2021-06-15,2021-06-22,29.21659434389008,0.2899617479731027,500.547580850712,2.678854957812784,0
Bhopal,23.2599,77.4126,2021-07-01,2021-07-08,6.678893702444078,0.2459744652841358,500.547580850712,2.678854957812784,0
Bhopal,23.2599,77.4126,2021-07-15,2021-07-22,52.68999133467503,0.3291780053320058,500.547580850712,2.678854957812784,0
Bhopal,23.2599,77.4126,2021-08-01,2021-08-08,145.06426414817443,0.4614603939985627,500.547580850712,2.678854957812784,0
Bhopal,23.2599,77.4126,2021-09-01,2021-09-08,75.73741363641008,0.4550625537585813,500.547580850712,2.678854957812784,0
Bhopal,23.2599,77.4126,2022-06-15,2022-06-22,41.21343393305282,0.2945864964521014,500.547580850712,2.678854957812784,0
Bhopal,23.2599,77.4126,2022-07-01,2022-07-08,174.2696169825161,0.4369032386733126,500.547580850712,2.678854957812784,0
Bhopal,23.2599,77.4126,2022-07-20,2022-07-27,137.66340144258663,0.4591748696262138,500.547580850712,2.678854957812784,0
Bhopal,23.2599,77.4126,2022-08-01,2022-08-08,75.41838359935382,0.4358843994297899,500.547580850712,2.678854957812784,0
Bhopal,23.2599,77.4126,2022-09-01,2022-09-08,67.70960665279344,0.4545095180683691,500.547580850712,2.678854957812784,0
Bhopal,23.2599,77.4126,2023-06-15,2023-06-22,14.81794083622983,0.2000642911614417,500.547580850712,2.678854957812784,0
Bhopal,23.2599,77.4126,2023-07-01,2023-07-08,69.65481050387345,0.4393173738876865,500.547580850712,2.678854957812784,0
Bhopal,23.2599,77.4126,2023-07-25,2023-08-01,76.91569416406678,0.4524187819208878,500.547580850712,2.678854957812784,0
Bhopal,23.2599,77.4126,2023-08-05,2023-08-12,0.9754678234992444,0.4340905645807315,500.547580850712,2.678854957812784,0
Bhopal,23.2599,77.4126,2023-09-01,2023-09-08,48.81338446588393,0.3655113668971919,500.547580850712,2.678854957812784,0
Bhopal,23.2599,77.4126,2024-06-15,2024-06-22,47.8306884545742,0.2628165406066102,500.547580850712,2.678854957812784,0
Bhopal,23.2599,77.4126,2024-07-01,2024-07-08,76.92434933024806,0.4402160939421267,500.547580850712,2.678854957812784,0
Bhopal,23.2599,77.4126,2024-07-20,2024-07-27,250.3742661000666,0.4581967866732838,500.547580850712,2.678854957812784,0
Bhopal,23.2599,77.4126,2024-08-01,2024-08-08,179.3359461244586,0.457703867130965,500.547580850712,2.678854957812784,0
Bhopal,23.2599,77.4126,2024-09-01,2024-09-08,39.97007147978505,0.4568857268878195,500.547580850712,2.678854957812784,0
Nagpur,21.1458,79.0882,2020-06-15,2020-06-22,90.43259213861548,0.4647426639698759,307.86109004568425,2.125152464248405,0
Nagpur,21.1458,79.0882,2020-07-01,2020-07-08,65.77188239007299,0.4822013911995409,307.86109004568425,2.125152464248405,0
Nagpur,21.1458,79.0882,2020-07-20,2020-07-27,60.62361633004887,0.480896510554139,307.86109004568425,2.125152464248405,0
Nagpur,21.1458,79.0882,2020-08-05,2020-08-12,91.938287494483,0.4842414594749051,307.86109004568425,2.125152464248405,0
Nagpur,21.1458,79.0882,2020-09-01,2020-09-08,27.161964286094328,0.4326968121785524,307.86109004568425,2.125152464248405,0
Nagpur,21.1458,79.0882,2021-06-15,2021-06-22,47.72240765877908,0.4550538378288898,307.86109004568425,2.125152464248405,0
Nagpur,21.1458,79.0882,2021-07-01,2021-07-08,50.53473157606589,0.3829153996355882,307.86109004568425,2.125152464248405,0
Nagpur,21.1458,79.0882,2021-07-15,2021-07-22,49.94622184070288,0.4536845275168208,307.86109004568425,2.125152464248405,0
Nagpur,21.1458,79.0882,2021-08-01,2021-08-08,0.3246149237105556,0.4587541494677785,307.86109004568425,2.125152464248405,0
Nagpur,21.1458,79.0882,2021-09-01,2021-09-08,83.34346979756641,0.4778359689934617,307.86109004568425,2.125152464248405,0
Nagpur,21.1458,79.0882,2022-06-15,2022-06-22,151.56453519404062,0.4235756559507856,307.86109004568425,2.125152464248405,0
Nagpur,21.1458,79.0882,2022-07-01,2022-07-08,118.31080949401994,0.4767002569787984,307.86109004568425,2.125152464248405,0
Nagpur,21.1458,79.0882,2022-07-20,2022-07-27,98.76019257762876,0.486616620198695,307.86109004568425,2.125152464248405,0
Nagpur,21.1458,79.0882,2022-08-01,2022-08-08,108.44022082700748,0.4606693542289535,307.86109004568425,2.125152464248405,0
Nagpur,21.1458,79.0882,2022-09-01,2022-09-08,44.9054121292167,0.4705002307063139,307.86109004568425,2.125152464248405,0
Nagpur,21.1458,79.0882,2023-06-15,2023-06-22,0.0,0.2401876338869903,307.86109004568425,2.125152464248405,0
Nagpur,21.1458,79.0882,2023-07-01,2023-07-08,93.20226873226264,0.4601801706843795,307.86109004568425,2.125152464248405,0
Nagpur,21.1458,79.0882,2023-07-25,2023-08-01,117.6766505925567,0.4686569426015802,307.86109004568425,2.125152464248405,0
Nagpur,21.1458,79.0882,2023-08-05,2023-08-12,9.065059456787054,0.4218876282788418,307.86109004568425,2.125152464248405,0
Nagpur,21.1458,79.0882,2023-09-01,2023-09-08,89.2224715756224,0.40986252719427,307.86109004568425,2.125152464248405,0
Nagpur,21.1458,79.0882,2024-06-15,2024-06-22,56.06603595008836,0.2856197790756464,307.86109004568425,2.125152464248405,0
Nagpur,21.1458,79.0882,2024-07-01,2024-07-08,62.61569243682535,0.4727238042179727,307.86109004568425,2.125152464248405,0
Nagpur,21.1458,79.0882,2024-07-20,2024-07-27,135.3574425446579,0.4832446191474137,307.86109004568425,2.125152464248405,0
Nagpur,21.1458,79.0882,2024-08-01,2024-08-08,95.1388501883074,0.4778410199867756,307.86109004568425,2.125152464248405,0
Nagpur,21.1458,79.0882,2024-09-01,2024-09-08,95.37077916892706,0.4717123160894273,307.86109004568425,2.125152464248405,0
Coimbatore,11.0168,76.9558,2020-06-15,2020-06-22,6.305188741602108,0.2502201559705624,429.2872601699845,2.653147287526832,0
Coimbatore,11.0168,76.9558,2020-07-01,2020-07-08,15.914684198348054,0.3347894714480476,429.2872601699845,2.653147287526832,0
Coimbatore,11.0168,76.9558,2020-07-20,2020-07-27,30.92739781800202,0.3625533084619647,429.2872601699845,2.653147287526832,0
Coimbatore,11.0168,76.9558,2020-08-05,2020-08-12,10.342767306520969,0.4282988713677228,429.2872601699845,2.653147287526832,0
Coimbatore,11.0168,76.9558,2020-09-01,2020-09-08,28.83540842315453,0.3722079119871707,429.2872601699845,2.653147287526832,0
Coimbatore,11.0168,76.9558,2021-06-15,2021-06-22,5.498387925872685,0.3302616707871089,429.2872601699845,2.653147287526832,0
Coimbatore,11.0168,76.9558,2021-07-01,2021-07-08,17.23072155339534,0.3022211501893263,429.2872601699845,2.653147287526832,0
Coimbatore,11.0168,76.9558,2021-07-15,2021-07-22,21.14915762356428,0.3949983181178059,429.2872601699845,2.653147287526832,0
Coimbatore,11.0168,76.9558,2021-08-01,2021-08-08,2.608174222065289,0.2715147340858386,429.2872601699845,2.653147287526832,0
Coimbatore,11.0168,76.9558,2021-09-01,2021-09-08,16.320217900226794,0.4149369916538497,429.2872601699845,2.653147287526832,0
Coimbatore,11.0168,76.9558,2022-06-15,2022-06-22,30.48161347071513,0.2966599588936192,429.2872601699845,2.653147287526832,0
Coimbatore,11.0168,76.9558,2022-07-01,2022-07-08,13.892303698996631,0.4079730700979148,429.2872601699845,2.653147287526832,0
Coimbatore,11.0168,76.9558,2022-07-20,2022-07-27,43.59528876983392,0.3761671119440483,429.2872601699845,2.653147287526832,0
Coimbatore,11.0168,76.9558,2022-08-01,2022-08-08,21.65694240724441,0.4243300176121987,429.2872601699845,2.653147287526832,0
Coimbatore,11.0168,76.9558,2022-09-01,2022-09-08,27.54552003209692,0.4044386215159734,429.2872601699845,2.653147287526832,0
Coimbatore,11.0168,76.9558,2023-06-15,2023-06-22,27.81206263286838,0.2303254883200917,429.2872601699845,2.653147287526832,0
Coimbatore,11.0168,76.9558,2023-07-01,2023-07-08,11.089154687337505,0.3837801309853026,429.2872601699845,2.653147287526832,0
Coimbatore,11.0168,76.9558,2023-07-25,2023-08-01,3.4650030296151555,0.3170109117452266,429.2872601699845,2.653147287526832,0
Coimbatore,11.0168,76.9558,2023-08-05,2023-08-12,8.376945772663039,0.2296640510383289,429.2872601699845,2.653147287526832,0
Coimbatore,11.0168,76.9558,2023-09-01,2023-09-08,11.046710399132738,0.3409545281210497,429.2872601699845,2.653147287526832,0
Coimbatore,11.0168,76.9558,2024-06-15,2024-06-22,9.45063523506359,0.2914733998333035,429.2872601699845,2.653147287526832,0
Coimbatore,11.0168,76.9558,2024-07-01,2024-07-08,9.338635347997908,0.3522087940134865,429.2872601699845,2.653147287526832,0
Coimbatore,11.0168,76.9558,2024-07-20,2024-07-27,15.167484820597831,0.3787189027698218,429.2872601699845,2.653147287526832,0
Coimbatore,11.0168,76.9558,2024-08-01,2024-08-08,15.644118287163671,0.4055527176507154,429.2872601699845,2.653147287526832,0
Coimbatore,11.0168,76.9558,2024-09-01,2024-09-08,2.876333232670393,0.3041276925484391,429.2872601699845,2.653147287526832,0
Mysore,12.2958,76.6394,2020-06-15,2020-06-22,19.009549887546004,0.2812189327432752,747.7423773764965,3.47574182801316,0
Mysore,12.2958,76.6394,2020-07-01,2020-07-08,18.18465230511327,0.3826028646922135,747.7423773764965,3.47574182801316,0
Mysore,12.2958,76.6394,2020-07-20,2020-07-27,36.42322311670624,0.3731679084503409,747.7423773764965,3.47574182801316,0
Mysore,12.2958,76.6394,2020-08-05,2020-08-12,24.15217572366496,0.4210840141615251,747.7423773764965,3.47574182801316,0
Mysore,12.2958,76.6394,2020-09-01,2020-09-08,86.58609182422556,0.3952341950476143,747.7423773764965,3.47574182801316,0
Mysore,12.2958,76.6394,2021-06-15,2021-06-22,8.506457423763575,0.3509279143884919,747.7423773764965,3.47574182801316,0
Mysore,12.2958,76.6394,2021-07-01,2021-07-08,48.75889568954696,0.3316738361421415,747.7423773764965,3.47574182801316,0
Mysore,12.2958,76.6394,2021-07-15,2021-07-22,53.527505349585326,0.4041132347125821,747.7423773764965,3.47574182801316,0
Mysore,12.2958,76.6394,2021-08-01,2021-08-08,3.748400882563033,0.317979677632783,747.7423773764965,3.47574182801316,0
Mysore,12.2958,76.6394,2021-09-01,2021-09-08,30.386038867629523,0.4149897693285728,747.7423773764965,3.47574182801316,0
Mysore,12.2958,76.6394,2022-06-15,2022-06-22,34.15997500262248,0.3694483166926983,747.7423773764965,3.47574182801316,0
Mysore,12.2958,76.6394,2022-07-01,2022-07-08,11.036602294795255,0.4052776504989898,747.7423773764965,3.47574182801316,0
Mysore,12.2958,76.6394,2022-07-20,2022-07-27,44.69194512001571,0.3988754982960108,747.7423773764965,3.47574182801316,0
Mysore,12.2958,76.6394,2022-08-01,2022-08-08,53.71176402735283,0.4219707696219449,747.7423773764965,3.47574182801316,0
Mysore,12.2958,76.6394,2022-09-01,2022-09-08,63.46387122970008,0.4163105685377252,747.7423773764965,3.47574182801316,0
Mysore,12.2958,76.6394,2023-06-15,2023-06-22,31.48852472794688,0.2508383043055036,747.7423773764965,3.47574182801316,0
Mysore,12.2958,76.6394,2023-07-01,2023-07-08,19.74017917304856,0.3877572234200827,747.7423773764965,3.47574182801316,0
Mysore,12.2958,76.6394,2023-07-25,2023-08-01,11.79064938695501,0.3852176371838686,747.7423773764965,3.47574182801316,0
Mysore,12.2958,76.6394,2023-08-05,2023-08-12,8.797681738860915,0.3083979583158058,747.7423773764965,3.47574182801316,0
Mysore,12.2958,76.6394,2023-09-01,2023-09-08,37.98163557079901,0.2690474189523875,747.7423773764965,3.47574182801316,0
Mysore,12.2958,76.6394,2024-06-15,2024-06-22,9.781270083479187,0.3213119930413433,747.7423773764965,3.47574182801316,0
Mysore,12.2958,76.6394,2024-07-01,2024-07-08,29.84830356162725,0.355829356798911,747.7423773764965,3.47574182801316,0
Mysore,12.2958,76.6394,2024-07-20,2024-07-27,13.064027196075662,0.3971846412324273,747.7423773764965,3.47574182801316,0
Mysore,12.2958,76.6394,2024-08-01,2024-08-08,38.90451731621788,0.4110805903943462,747.7423773764965,3.47574182801316,0
Mysore,12.2958,76.6394,2024-09-01,2024-09-08,4.26476973088267,0.3628394395065251,747.7423773764965,3.47574182801316,0
Chandigarh,30.7333,76.7794,2020-06-15,2020-06-22,3.4332321999057034,0.1390658899781673,348.1150442730725,3.917195400017337,0
Chandigarh,30.7333,76.7794,2020-07-01,2020-07-08,71.349706954124,0.1727652902718668,348.1150442730725,3.917195400017337,0
Chandigarh,30.7333,76.7794,2020-07-20,2020-07-27,4.736557662967069,0.3680624268432844,348.1150442730725,3.917195400017337,0
Chandigarh,30.7333,76.7794,2020-08-05,2020-08-12,96.7497732140074,0.3554463712006113,348.1150442730725,3.917195400017337,0
Chandigarh,30.7333,76.7794,2020-09-01,2020-09-08,62.23689326215913,0.3610952339790909,348.1150442730725,3.917195400017337,0
Chandigarh,30.7333,76.7794,2021-06-15,2021-06-22,0.0,0.2204987536269426,348.1150442730725,3.917195400017337,0
Chandigarh,30.7333,76.7794,2021-07-01,2021-07-08,0.0,0.1536601436433826,348.1150442730725,3.917195400017337,0
Chandigarh,30.7333,76.7794,2021-07-15,2021-07-22,78.30159240409033,0.2875510713713815,348.1150442730725,3.917195400017337,0
Chandigarh,30.7333,76.7794,2021-08-01,2021-08-08,39.33301923194989,0.3882585420506447,348.1150442730725,3.917195400017337,0
Chandigarh,30.7333,76.7794,2021-09-01,2021-09-08,37.52183999311204,0.3388529397780747,348.1150442730725,3.917195400017337,0
Chandigarh,30.7333,76.7794,2022-06-15,2022-06-22,15.3583552711305,0.1843371155062891,348.1150442730725,3.917195400017337,0
Chandigarh,30.7333,76.7794,2022-07-01,2022-07-08,52.97255909298893,0.3362520572765281,348.1150442730725,3.917195400017337,0
Chandigarh,30.7333,76.7794,2022-07-20,2022-07-27,45.18199997364276,0.3607977309884348,348.1150442730725,3.917195400017337,0
Chandigarh,30.7333,76.7794,2022-08-01,2022-08-08,81.33806011180751,0.3665557410987013,348.1150442730725,3.917195400017337,0
Chandigarh,30.7333,76.7794,2022-09-01,2022-09-08,0.5041860382028875,0.2702304070205067,348.1150442730725,3.917195400017337,0
Chandigarh,30.7333,76.7794,2023-06-15,2023-06-22,0.0,0.155627123355896,348.1150442730725,3.917195400017337,0
Chandigarh,30.7333,76.7794,2023-07-01,2023-07-08,44.8409102612694,0.2399547025346453,348.1150442730725,3.917195400017337,0
Chandigarh,30.7333,76.7794,2023-07-25,2023-08-01,97.46470327537332,0.4040536808981342,348.1150442730725,3.917195400017337,0
Chandigarh,30.7333,76.7794,2023-08-05,2023-08-12,138.46430952853007,0.3937394291836734,348.1150442730725,3.917195400017337,0
Chandigarh,30.7333,76.7794,2023-09-01,2023-09-08,0.0,0.2663340878732645,348.1150442730725,3.917195400017337,0
Chandigarh,30.7333,76.7794,2024-06-15,2024-06-22,0.1212343084732158,0.1384389550076351,348.1150442730725,3.917195400017337,0
Chandigarh,30.7333,76.7794,2024-07-01,2024-07-08,94.44900022417109,0.3434759347949021,348.1150442730725,3.917195400017337,0
Chandigarh,30.7333,76.7794,2024-07-20,2024-07-27,41.09882089051625,0.2773235383144076,348.1150442730725,3.917195400017337,0
Chandigarh,30.7333,76.7794,2024-08-01,2024-08-08,65.26187990975862,0.3424150275854026,348.1150442730725,3.917195400017337,0
Chandigarh,30.7333,76.7794,2024-09-01,2024-09-08,82.23843319976092,0.3661778700670309,348.1150442730725,3.917195400017337,0
Ahmedabad,23.0225,72.5714,2020-06-15,2020-06-22,10.389906267175215,0.2321562910335158,49.21819759754525,3.00310563761056,0
Ahmedabad,23.0225,72.5714,2020-07-01,2020-07-08,39.273419872440144,0.202531937596172,49.21819759754525,3.00310563761056,0
Ahmedabad,23.0225,72.5714,2020-07-20,2020-07-27,32.327909943829674,0.2474608972956977,49.21819759754525,3.00310563761056,0
Ahmedabad,23.0225,72.5714,2020-08-05,2020-08-12,100.90175242876188,0.3759031571919197,49.21819759754525,3.00310563761056,0
Ahmedabad,23.0225,72.5714,2020-09-01,2020-09-08,0.0,0.3482817852302426,49.21819759754525,3.00310563761056,0
Ahmedabad,23.0225,72.5714,2021-06-15,2021-06-22,77.50479693590913,0.2836548824998696,49.21819759754525,3.00310563761056,0
Ahmedabad,23.0225,72.5714,2021-07-01,2021-07-08,0.4203733727764124,0.1891813543871202,49.21819759754525,3.00310563761056,0
Ahmedabad,23.0225,72.5714,2021-07-15,2021-07-22,36.52640513990117,0.2862040971358388,49.21819759754525,3.00310563761056,0
Ahmedabad,23.0225,72.5714,2021-08-01,2021-08-08,15.93257850305788,0.3460029830032207,49.21819759754525,3.00310563761056,0
Ahmedabad,23.0225,72.5714,2021-09-01,2021-09-08,58.9618329888788,0.3714346283009239,49.21819759754525,3.00310563761056,0
Ahmedabad,23.0225,72.5714,2022-06-15,2022-06-22,4.028189958565624,0.1520932760195459,49.21819759754525,3.00310563761056,0
Ahmedabad,23.0225,72.5714,2022-07-01,2022-07-08,108.25955834333924,0.3154703961881865,49.21819759754525,3.00310563761056,0
Ahmedabad,23.0225,72.5714,2022-07-20,2022-07-27,80.91537819374567,0.3933105857443935,49.21819759754525,3.00310563761056,0
Ahmedabad,23.0225,72.5714,2022-08-01,2022-08-08,58.684671571028666,0.3646043245072912,49.21819759754525,3.00310563761056,0
Ahmedabad,23.0225,72.5714,2022-09-01,2022-09-08,15.914023645307829,0.3090140227674701,49.21819759754525,3.00310563761056,0
Ahmedabad,23.0225,72.5714,2023-06-15,2023-06-22,11.934234884364168,0.1844426890991344,49.21819759754525,3.00310563761056,0
Ahmedabad,23.0225,72.5714,2023-07-01,2023-07-08,139.62174019183237,0.3887953720940832,49.21819759754525,3.00310563761056,0
Ahmedabad,23.0225,72.5714,2023-07-25,2023-08-01,22.728755584564706,0.3978029623826016,49.21819759754525,3.00310563761056,0
Ahmedabad,23.0225,72.5714,2023-08-05,2023-08-12,3.5603520732330183,0.3455643424186847,49.21819759754525,3.00310563761056,0
Ahmedabad,23.0225,72.5714,2023-09-01,2023-09-08,5.166961130397074,0.2074453022248691,49.21819759754525,3.00310563761056,0
Ahmedabad,23.0225,72.5714,2024-06-15,2024-06-22,0.3065296056380646,0.1330461673519322,49.21819759754525,3.00310563761056,0
Ahmedabad,23.0225,72.5714,2024-07-01,2024-07-08,69.0745470410791,0.3612641658707051,49.21819759754525,3.00310563761056,0
Ahmedabad,23.0225,72.5714,2024-07-20,2024-07-27,75.7979660202032,0.3578443942090292,49.21819759754525,3.00310563761056,0
Ahmedabad,23.0225,72.5714,2024-08-01,2024-08-08,43.65474670577324,0.3853453198659725,49.21819759754525,3.00310563761056,0
Ahmedabad,23.0225,72.5714,2024-09-01,2024-09-08,72.03619737066758,0.3987884904943377,49.21819759754525,3.00310563761056,0
Kochi_City,9.9312,76.2673,2020-06-15,2020-06-22,79.37219679510726,0.4449033908570935,3.417087075922515,1.5100971812307422,0
Kochi_City,9.9312,76.2673,2020-07-01,2020-07-08,76.60436791691194,0.448576612973143,3.417087075922515,1.5100971812307422,0
Kochi_City,9.9312,76.2673,2020-07-20,2020-07-27,237.557220162069,0.4340863070496207,3.417087075922515,1.5100971812307422,0
Kochi_City,9.9312,76.2673,2020-08-05,2020-08-12,246.33699364788475,0.4470395504466071,3.417087075922515,1.5100971812307422,0
Kochi_City,9.9312,76.2673,2020-09-01,2020-09-08,192.5892082319827,0.4248664413252293,3.417087075922515,1.5100971812307422,0
Kochi_City,9.9312,76.2673,2021-06-15,2021-06-22,60.22561047555788,0.4457123838036009,3.417087075922515,1.5100971812307422,0
Kochi_City,9.9312,76.2673,2021-07-01,2021-07-08,148.43618693803765,0.4375601580741139,3.417087075922515,1.5100971812307422,0
Kochi_City,9.9312,76.2673,2021-07-15,2021-07-22,196.48902087052068,0.4468000533798889,3.417087075922515,1.5100971812307422,0
Kochi_City,9.9312,76.2673,2021-08-01,2021-08-08,64.69557560797516,0.4367859168686423,3.417087075922515,1.5100971812307422,0
Kochi_City,9.9312,76.2673,2021-09-01,2021-09-08,70.84176526304515,0.4474651171285037,3.417087075922515,1.5100971812307422,0
Kochi_City,9.9312,76.2673,2022-06-15,2022-06-22,120.13657517371124,0.4419495281150153,3.417087075922515,1.5100971812307422,0
Kochi_City,9.9312,76.2673,2022-07-01,2022-07-08,187.74781011382885,0.4444619600077379,3.417087075922515,1.5100971812307422,0
Kochi_City,9.9312,76.2673,2022-07-20,2022-07-27,339.8966254673925,0.4393012739823112,3.417087075922515,1.5100971812307422,0
Kochi_City,9.9312,76.2673,2022-08-01,2022-08-08,211.25664379871463,0.4479072199749915,3.417087075922515,1.5100971812307422,0
Kochi_City,9.9312,76.2673,2022-09-01,2022-09-08,127.06228070587028,0.4447577659799818,3.417087075922515,1.5100971812307422,0
Kochi_City,9.9312,76.2673,2023-06-15,2023-06-22,369.2978937191591,0.4417558174857586,3.417087075922515,1.5100971812307422,0
Kochi_City,9.9312,76.2673,2023-07-01,2023-07-08,268.1193875309259,0.4463009219906007,3.417087075922515,1.5100971812307422,0
Kochi_City,9.9312,76.2673,2023-07-25,2023-08-01,34.20833570008828,0.4329890625793227,3.417087075922515,1.5100971812307422,0
Kochi_City,9.9312,76.2673,2023-08-05,2023-08-12,73.58202235184638,0.4101118422217848,3.417087075922515,1.5100971812307422,0
Kochi_City,9.9312,76.2673,2023-09-01,2023-09-08,87.76575886405533,0.4484034646814978,3.417087075922515,1.5100971812307422,0
Kochi_City,9.9312,76.2673,2024-06-15,2024-06-22,146.01055566418125,0.4420753767168671,3.417087075922515,1.5100971812307422,0
Kochi_City,9.9312,76.2673,2024-07-01,2024-07-08,133.89441841065215,0.4413884277452199,3.417087075922515,1.5100971812307422,0
Kochi_City,9.9312,76.2673,2024-07-20,2024-07-27,147.2330897882525,0.446832624131961,3.417087075922515,1.5100971812307422,0
Kochi_City,9.9312,76.2673,2024-08-01,2024-08-08,90.34360997605944,0.4405653129823196,3.417087075922515,1.5100971812307422,0
Kochi_City,9.9312,76.2673,2024-09-01,2024-09-08,21.44760707364206,0.4419247424594036,3.417087075922515,1.5100971812307422,0
Visakhapatnam,17.6868,83.2185,2020-06-15,2020-06-22,34.48382809381689,0.3121136984969827,46.59295498998256,5.635656322035156,0
Visakhapatnam,17.6868,83.2185,2020-07-01,2020-07-08,42.72831767987988,0.3358128245601141,46.59295498998256,5.635656322035156,0
Visakhapatnam,17.6868,83.2185,2020-07-20,2020-07-27,39.91595080000444,0.3198236352084022,46.59295498998256,5.635656322035156,0
Visakhapatnam,17.6868,83.2185,2020-08-05,2020-08-12,26.64222618248002,0.3235867681632273,46.59295498998256,5.635656322035156,0
Visakhapatnam,17.6868,83.2185,2020-09-01,2020-09-08,17.09424159044182,0.3228084144978134,46.59295498998256,5.635656322035156,0
Visakhapatnam,17.6868,83.2185,2021-06-15,2021-06-22,10.65787088789352,0.2757919670059026,46.59295498998256,5.635656322035156,0
Visakhapatnam,17.6868,83.2185,2021-07-01,2021-07-08,36.33352518208677,0.2491552502692511,46.59295498998256,5.635656322035156,0
Visakhapatnam,17.6868,83.2185,2021-07-15,2021-07-22,30.29032643871946,0.3346571195584859,46.59295498998256,5.635656322035156,0
Visakhapatnam,17.6868,83.2185,2021-08-01,2021-08-08,5.915120293742084,0.2070046975566847,46.59295498998256,5.635656322035156,0
Visakhapatnam,17.6868,83.2185,2021-09-01,2021-09-08,78.5776649312523,0.3706168348050304,46.59295498998256,5.635656322035156,0
Visakhapatnam,17.6868,83.2185,2022-06-15,2022-06-22,13.55842095242652,0.1609071596520423,46.59295498998256,5.635656322035156,0
Visakhapatnam,17.6868,83.2185,2022-07-01,2022-07-08,44.47334727272959,0.2889583167982096,46.59295498998256,5.635656322035156,0
Visakhapatnam,17.6868,83.2185,2022-07-20,2022-07-27,8.773657837505574,0.3533126307774815,46.59295498998256,5.635656322035156,0
Visakhapatnam,17.6868,83.2185,2022-08-01,2022-08-08,24.76443676779804,0.3268991516508667,46.59295498998256,5.635656322035156,0
Visakhapatnam,17.6868,83.2185,2022-09-01,2022-09-08,16.49156790672372,0.2954257612188291,46.59295498998256,5.635656322035156,0
Visakhapatnam,17.6868,83.2185,2023-06-15,2023-06-22,9.860643186888558,0.1153184622170532,46.59295498998256,5.635656322035156,0
Visakhapatnam,17.6868,83.2185,2023-07-01,2023-07-08,26.573037300480014,0.2387625595319947,46.59295498998256,5.635656322035156,0
Visakhapatnam,17.6868,83.2185,2023-07-25,2023-08-01,63.62228676536131,0.364304671193784,46.59295498998256,5.635656322035156,0
Visakhapatnam,17.6868,83.2185,2023-08-05,2023-08-12,0.2767794305966143,0.2377071350267602,46.59295498998256,5.635656322035156,0
Visakhapatnam,17.6868,83.2185,2023-09-01,2023-09-08,51.9654114919529,0.2991863467067679,46.59295498998256,5.635656322035156,0
Visakhapatnam,17.6868,83.2185,2024-06-15,2024-06-22,24.382197402905653,0.1645159334984133,46.59295498998256,5.635656322035156,0
Visakhapatnam,17.6868,83.2185,2024-07-01,2024-07-08,22.75268929525416,0.3189113149589835,46.59295498998256,5.635656322035156,0
Visakhapatnam,17.6868,83.2185,2024-07-20,2024-07-27,45.01682337324732,0.392018456149608,46.59295498998256,5.635656322035156,0
Visakhapatnam,17.6868,83.2185,2024-08-01,2024-08-08,51.16314467529183,0.3149525646405242,46.59295498998256,5.635656322035156,0
Visakhapatnam,17.6868,83.2185,2024-09-01,2024-09-08,57.16859140479585,0.384907829665314,46.59295498998256,5.635656322035156,0
Aurangabad,19.8762,75.3433,2020-06-15,2020-06-22,73.6534161771045,0.4020784359190958,605.7116629893673,3.8884736612864064,0
Aurangabad,19.8762,75.3433,2020-07-01,2020-07-08,47.4030858986518,0.4003644051429089,605.7116629893673,3.8884736612864064,0
Aurangabad,19.8762,75.3433,2020-07-20,2020-07-27,91.8033524997094,0.4238984732450964,605.7116629893673,3.8884736612864064,0
Aurangabad,19.8762,75.3433,2020-08-05,2020-08-12,35.04750349907313,0.4300659648398462,605.7116629893673,3.8884736612864064,0
Aurangabad,19.8762,75.3433,2020-09-01,2020-09-08,29.01708197672577,0.3981305777888637,605.7116629893673,3.8884736612864064,0
Aurangabad,19.8762,75.3433,2021-06-15,2021-06-22,39.6915522545576,0.2632176027164878,605.7116629893673,3.8884736612864064,0
Aurangabad,19.8762,75.3433,2021-07-01,2021-07-08,6.254390239364961,0.2706851948527352,605.7116629893673,3.8884736612864064,0
Aurangabad,19.8762,75.3433,2021-07-15,2021-07-22,44.97873902399751,0.4173833234538051,605.7116629893673,3.8884736612864064,0
Aurangabad,19.8762,75.3433,2021-08-01,2021-08-08,7.5612862189026435,0.3339369942608718,605.7116629893673,3.8884736612864064,0
Aurangabad,19.8762,75.3433,2021-09-01,2021-09-08,121.57838867482016,0.4254341390342079,605.7116629893673,3.8884736612864064,0
Aurangabad,19.8762,75.3433,2022-06-15,2022-06-22,37.64508003948584,0.2615111094385905,605.7116629893673,3.8884736612864064,0
Aurangabad,19.8762,75.3433,2022-07-01,2022-07-08,41.01031954165767,0.4173132541077829,605.7116629893673,3.8884736612864064,0
Aurangabad,19.8762,75.3433,2022-07-20,2022-07-27,5.97233649904237,0.4296711986500816,605.7116629893673,3.8884736612864064,0
Aurangabad,19.8762,75.3433,2022-08-01,2022-08-08,69.74359059421455,0.4120639813331728,605.7116629893673,3.8884736612864064,0
Aurangabad,19.8762,75.3433,2022-09-01,2022-09-08,80.25568363350978,0.4210009959797612,605.7116629893673,3.8884736612864064,0
Aurangabad,19.8762,75.3433,2023-06-15,2023-06-22,0.0,0.1555285690225218,605.7116629893673,3.8884736612864064,0
Aurangabad,19.8762,75.3433,2023-07-01,2023-07-08,55.74715520161039,0.4047533463726155,605.7116629893673,3.8884736612864064,0
Aurangabad,19.8762,75.3433,2023-07-25,2023-08-01,59.091190035641176,0.4334326247211191,605.7116629893673,3.8884736612864064,0
Aurangabad,19.8762,75.3433,2023-08-05,2023-08-12,0.0,0.3861138220547008,605.7116629893673,3.8884736612864064,0
Aurangabad,19.8762,75.3433,2023-09-01,2023-09-08,42.505063333932085,0.3014422058933738,605.7116629893673,3.8884736612864064,0
Aurangabad,19.8762,75.3433,2024-06-15,2024-06-22,42.46072956604116,0.3943175572617976,605.7116629893673,3.8884736612864064,0
Aurangabad,19.8762,75.3433,2024-07-01,2024-07-08,28.037436251955874,0.4029300187277639,605.7116629893673,3.8884736612864064,0
Aurangabad,19.8762,75.3433,2024-07-20,2024-07-27,77.38010587210165,0.4439120590624096,605.7116629893673,3.8884736612864064,0
Aurangabad,19.8762,75.3433,2024-08-01,2024-08-08,17.481386665736924,0.4259519538903472,605.7116629893673,3.8884736612864064,0
Aurangabad,19.8762,75.3433,2024-09-01,2024-09-08,82.71017821185728,0.4333310593093325,605.7116629893673,3.8884736612864064,0
Nashik,19.9975,73.7898,2020-06-15,2020-06-22,50.27929908752443,0.4767639216688144,605.4307508542297,3.00281649047814,0
Nashik,19.9975,73.7898,2020-07-01,2020-07-08,75.15115654411669,0.4767951571484229,605.4307508542297,3.00281649047814,0
Nashik,19.9975,73.7898,2020-07-20,2020-07-27,59.10500339420564,0.4779340448230818,605.4307508542297,3.00281649047814,0
Nashik,19.9975,73.7898,2020-08-05,2020-08-12,25.674806228252734,0.4875163857832033,605.4307508542297,3.00281649047814,0
Nashik,19.9975,73.7898,2020-09-01,2020-09-08,28.93366404393398,0.4657085756017076,605.4307508542297,3.00281649047814,0
Nashik,19.9975,73.7898,2021-06-15,2021-06-22,0.0,0.3848277242151199,605.4307508542297,3.00281649047814,0
Nashik,19.9975,73.7898,2021-07-01,2021-07-08,7.264840642246631,0.3870069213354917,605.4307508542297,3.00281649047814,0
Nashik,19.9975,73.7898,2021-07-15,2021-07-22,48.7196035259142,0.4803774801930243,605.4307508542297,3.00281649047814,0
Nashik,19.9975,73.7898,2021-08-01,2021-08-08,9.290956601659094,0.4790498318506737,605.4307508542297,3.00281649047814,0
Nashik,19.9975,73.7898,2021-09-01,2021-09-08,95.54539669229352,0.4749496068524449,605.4307508542297,3.00281649047814,0
Nashik,19.9975,73.7898,2022-06-15,2022-06-22,5.489420835378522,0.3797170048534308,605.4307508542297,3.00281649047814,0
Nashik,19.9975,73.7898,2022-07-01,2022-07-08,20.623480662074662,0.4802799689701089,605.4307508542297,3.00281649047814,0
Nashik,19.9975,73.7898,2022-07-20,2022-07-27,10.281216763225173,0.4790873119613061,605.4307508542297,3.00281649047814,0
Nashik,19.9975,73.7898,2022-08-01,2022-08-08,56.9224015085413,0.4687306539013338,605.4307508542297,3.00281649047814,0
Nashik,19.9975,73.7898,2022-09-01,2022-09-08,64.42766212043414,0.4831221024965634,605.4307508542297,3.00281649047814,0
Nashik,19.9975,73.7898,2023-06-15,2023-06-22,0.0,0.285787390162225,605.4307508542297,3.00281649047814,0
Nashik,19.9975,73.7898,2023-07-01,2023-07-08,64.98729572558624,0.4841607308551859,605.4307508542297,3.00281649047814,0
Nashik,19.9975,73.7898,2023-07-25,2023-08-01,61.43221035143651,0.4915466737271627,605.4307508542297,3.00281649047814,0
Nashik,19.9975,73.7898,2023-08-05,2023-08-12,0.0,0.4797148879349004,605.4307508542297,3.00281649047814,0
Nashik,19.9975,73.7898,2023-09-01,2023-09-08,39.03373977801122,0.4325030828262416,605.4307508542297,3.00281649047814,0
Nashik,19.9975,73.7898,2024-06-15,2024-06-22,15.656925598328272,0.4385604139023373,605.4307508542297,3.00281649047814,0
Nashik,19.9975,73.7898,2024-07-01,2024-07-08,0.5296482408156091,0.4832929322384334,605.4307508542297,3.00281649047814,0
Nashik,19.9975,73.7898,2024-07-20,2024-07-27,63.55361041077783,0.491550407377517,605.4307508542297,3.00281649047814,0
Nashik,19.9975,73.7898,2024-08-01,2024-08-08,23.232266374990488,0.4837160793678999,605.4307508542297,3.00281649047814,0
Nashik,19.9975,73.7898,2024-09-01,2024-09-08,45.3563784678048,0.4832545083666604,605.4307508542297,3.00281649047814,0
Rajkot,22.3039,70.8022,2020-06-15,2020-06-22,16.200477730238052,0.3752721961428295,134.33213299290148,2.532490454934442,0
Rajkot,22.3039,70.8022,2020-07-01,2020-07-08,78.04794037608893,0.4070661074059465,134.33213299290148,2.532490454934442,0
Rajkot,22.3039,70.8022,2020-07-20,2020-07-27,29.53759446390216,0.4313963019318106,134.33213299290148,2.532490454934442,0
Rajkot,22.3039,70.8022,2020-08-05,2020-08-12,83.34506493682034,0.4695667195924868,134.33213299290148,2.532490454934442,0
Rajkot,22.3039,70.8022,2020-09-01,2020-09-08,0.0,0.4244268327586858,134.33213299290148,2.532490454934442,0
Rajkot,22.3039,70.8022,2021-06-15,2021-06-22,52.25490831141007,0.3340399928853906,134.33213299290148,2.532490454934442,0
Rajkot,22.3039,70.8022,2021-07-01,2021-07-08,0.0,0.2633402483836841,134.33213299290148,2.532490454934442,0
Rajkot,22.3039,70.8022,2021-07-15,2021-07-22,1.9225430378414663,0.4520876520167274,134.33213299290148,2.532490454934442,0
Rajkot,22.3039,70.8022,2021-08-01,2021-08-08,0.0329558447810286,0.3900036674403018,134.33213299290148,2.532490454934442,0
Rajkot,22.3039,70.8022,2021-09-01,2021-09-08,134.5868653875826,0.4548295779237767,134.33213299290148,2.532490454934442,0
Rajkot,22.3039,70.8022,2022-06-15,2022-06-22,15.12262387094945,0.3145003541897241,134.33213299290148,2.532490454934442,0
Rajkot,22.3039,70.8022,2022-07-01,2022-07-08,124.48283160653789,0.3991942458759487,134.33213299290148,2.532490454934442,0
Rajkot,22.3039,70.8022,2022-07-20,2022-07-27,106.46802505190192,0.4877993416066111,134.33213299290148,2.532490454934442,0
Rajkot,22.3039,70.8022,2022-08-01,2022-08-08,65.36734681129455,0.4474847561438598,134.33213299290148,2.532490454934442,0
Rajkot,22.3039,70.8022,2022-09-01,2022-09-08,11.659810135080496,0.3763971234481826,134.33213299290148,2.532490454934442,0
Rajkot,22.3039,70.8022,2023-06-15,2023-06-22,80.04125125485638,0.32248764557469,134.33213299290148,2.532490454934442,0
Rajkot,22.3039,70.8022,2023-07-01,2023-07-08,136.64062867457255,0.4589266540086527,134.33213299290148,2.532490454934442,0
Rajkot,22.3039,70.8022,2023-07-25,2023-08-01,9.902570726897313,0.4633858239315402,134.33213299290148,2.532490454934442,0
Rajkot,22.3039,70.8022,2023-08-05,2023-08-12,0.3718489127038618,0.4034758417597621,134.33213299290148,2.532490454934442,0
Rajkot,22.3039,70.8022,2023-09-01,2023-09-08,1.987556642229376,0.2621339377062431,134.33213299290148,2.532490454934442,0
Rajkot,22.3039,70.8022,2024-06-15,2024-06-22,7.755382351367479,0.2446009273213995,134.33213299290148,2.532490454934442,0
Rajkot,22.3039,70.8022,2024-07-01,2024-07-08,18.660045218209497,0.4499924972347519,134.33213299290148,2.532490454934442,0
Rajkot,22.3039,70.8022,2024-07-20,2024-07-27,172.55723622869502,0.4588418003930953,134.33213299290148,2.532490454934442,0
Rajkot,22.3039,70.8022,2024-08-01,2024-08-08,29.92034469632035,0.4693969046618879,134.33213299290148,2.532490454934442,0
Rajkot,22.3039,70.8022,2024-09-01,2024-09-08,32.523258616175454,0.464602476527724,134.33213299290148,2.532490454934442,0
Madurai,9.9252,78.1198,2020-06-15,2020-06-22,21.899054048743885,0.1500905843341535,139.56192527709368,2.7474634404603653,0
Madurai,9.9252,78.1198,2020-07-01,2020-07-08,14.065340418552548,0.2798212852542602,139.56192527709368,2.7474634404603653,0
Madurai,9.9252,78.1198,2020-07-20,2020-07-27,33.32511166956874,0.3172874308899379,139.56192527709368,2.7474634404603653,0
Madurai,9.9252,78.1198,2020-08-05,2020-08-12,68.66874427192006,0.3277321284361441,139.56192527709368,2.7474634404603653,0
Madurai,9.9252,78.1198,2020-09-01,2020-09-08,72.7874879286981,0.329358897900892,139.56192527709368,2.7474634404603653,0
Madurai,9.9252,78.1198,2021-06-15,2021-06-22,0.2551299292180273,0.1648576832891537,139.56192527709368,2.7474634404603653,0
Madurai,9.9252,78.1198,2021-07-01,2021-07-08,21.196892307956283,0.2607882237113267,139.56192527709368,2.7474634404603653,0
Madurai,9.9252,78.1198,2021-07-15,2021-07-22,23.29489920651655,0.2140273819031494,139.56192527709368,2.7474634404603653,0
Madurai,9.9252,78.1198,2021-08-01,2021-08-08,25.2854823405728,0.1446798468755642,139.56192527709368,2.7474634404603653,0
Madurai,9.9252,78.1198,2021-09-01,2021-09-08,47.603191616450566,0.2937592122959601,139.56192527709368,2.7474634404603653,0
Madurai,9.9252,78.1198,2022-06-15,2022-06-22,21.74463646338709,0.2769588891038693,139.56192527709368,2.7474634404603653,0
Madurai,9.9252,78.1198,2022-07-01,2022-07-08,2.367612715120669,0.2420036540245864,139.56192527709368,2.7474634404603653,0
Madurai,9.9252,78.1198,2022-07-20,2022-07-27,153.34964744020024,0.2382036811198024,139.56192527709368,2.7474634404603653,0
Madurai,9.9252,78.1198,2022-08-01,2022-08-08,43.94907480137952,0.3741784637983494,139.56192527709368,2.7474634404603653,0
Madurai,9.9252,78.1198,2022-09-01,2022-09-08,62.18489618801776,0.3847543277461122,139.56192527709368,2.7474634404603653,0
Madurai,9.9252,78.1198,2023-06-15,2023-06-22,55.87997836260883,0.23088847324795,139.56192527709368,2.7474634404603653,0
Madurai,9.9252,78.1198,2023-07-01,2023-07-08,29.902602183575063,0.3173852523115286,139.56192527709368,2.7474634404603653,0
Madurai,9.9252,78.1198,2023-07-25,2023-08-01,0.3878893078201346,0.1594594802570069,139.56192527709368,2.7474634404603653,0
Madurai,9.9252,78.1198,2023-08-05,2023-08-12,38.92527352622998,0.146766126204109,139.56192527709368,2.7474634404603653,0
Madurai,9.9252,78.1198,2023-09-01,2023-09-08,21.30915148795387,0.2804707404819118,139.56192527709368,2.7474634404603653,0
Madurai,9.9252,78.1198,2024-06-15,2024-06-22,24.21409433136513,0.2480859939666161,139.56192527709368,2.7474634404603653,0
Madurai,9.9252,78.1198,2024-07-01,2024-07-08,18.451179154723143,0.2731623650650021,139.56192527709368,2.7474634404603653,0
Madurai,9.9252,78.1198,2024-07-20,2024-07-27,10.409186598741346,0.2384383584205929,139.56192527709368,2.7474634404603653,0
Madurai,9.9252,78.1198,2024-08-01,2024-08-08,52.99345925625092,0.3139475327397215,139.56192527709368,2.7474634404603653,0
Madurai,9.9252,78.1198,2024-09-01,2024-09-08,16.600757696746307,0.196039869443658,139.56192527709368,2.7474634404603653,0
Jabalpur,23.1815,79.9864,2020-06-15,2020-06-22,75.8394200581982,0.4759193815464765,411.68122077505024,3.3721066741976227,0
Jabalpur,23.1815,79.9864,2020-07-01,2020-07-08,76.32568873503709,0.4804651565124953,411.68122077505024,3.3721066741976227,0
Jabalpur,23.1815,79.9864,2020-07-20,2020-07-27,74.67917283982982,0.4786529596968683,411.68122077505024,3.3721066741976227,0
Jabalpur,23.1815,79.9864,2020-08-05,2020-08-12,132.85639948975452,0.4832115839571594,411.68122077505024,3.3721066741976227,0
Jabalpur,23.1815,79.9864,2020-09-01,2020-09-08,16.939678392681675,0.4277396550167469,411.68122077505024,3.3721066741976227,0
Jabalpur,23.1815,79.9864,2021-06-15,2021-06-22,41.07012562981943,0.4622840120125832,411.68122077505024,3.3721066741976227,0
Jabalpur,23.1815,79.9864,2021-07-01,2021-07-08,42.74258062458176,0.3557356537600171,411.68122077505024,3.3721066741976227,0
Jabalpur,23.1815,79.9864,2021-07-15,2021-07-22,64.68091055931207,0.3806488546152072,411.68122077505024,3.3721066741976227,0
Jabalpur,23.1815,79.9864,2021-08-01,2021-08-08,33.93031888959731,0.4743015175058307,411.68122077505024,3.3721066741976227,0
Jabalpur,23.1815,79.9864,2021-09-01,2021-09-08,49.87947566948981,0.4641829237051136,411.68122077505024,3.3721066741976227,0
Jabalpur,23.1815,79.9864,2022-06-15,2022-06-22,108.04289684378102,0.388885155301869,411.68122077505024,3.3721066741976227,0
Jabalpur,23.1815,79.9864,2022-07-01,2022-07-08,147.5282369773051,0.4763065634295599,411.68122077505024,3.3721066741976227,0
Jabalpur,23.1815,79.9864,2022-07-20,2022-07-27,135.78062237769106,0.4835002693314721,411.68122077505024,3.3721066741976227,0
Jabalpur,23.1815,79.9864,2022-08-01,2022-08-08,71.80901394762978,0.4565195127079376,411.68122077505024,3.3721066741976227,0
Jabalpur,23.1815,79.9864,2022-09-01,2022-09-08,46.87295240971128,0.4678884261073122,411.68122077505024,3.3721066741976227,0
Jabalpur,23.1815,79.9864,2023-06-15,2023-06-22,0.7567958355980579,0.2376079884634643,411.68122077505024,3.3721066741976227,0
Jabalpur,23.1815,79.9864,2023-07-01,2023-07-08,68.60618884067028,0.464092353402324,411.68122077505024,3.3721066741976227,0
Jabalpur,23.1815,79.9864,2023-07-25,2023-08-01,28.049193961132502,0.4688334197623293,411.68122077505024,3.3721066741976227,0
Jabalpur,23.1815,79.9864,2023-08-05,2023-08-12,0.0,0.4711092337203524,411.68122077505024,3.3721066741976227,0
Jabalpur,23.1815,79.9864,2023-09-01,2023-09-08,61.80461415279151,0.4049108156258095,411.68122077505024,3.3721066741976227,0
Jabalpur,23.1815,79.9864,2024-06-15,2024-06-22,19.47867551136772,0.2927251912867947,411.68122077505024,3.3721066741976227,0
Jabalpur,23.1815,79.9864,2024-07-01,2024-07-08,123.821488250573,0.4843545554035244,411.68122077505024,3.3721066741976227,0
Jabalpur,23.1815,79.9864,2024-07-20,2024-07-27,225.5158146987387,0.4841402931905635,411.68122077505024,3.3721066741976227,0
Jabalpur,23.1815,79.9864,2024-08-01,2024-08-08,197.58628015937308,0.4713780311660465,411.68122077505024,3.3721066741976227,0
Jabalpur,23.1815,79.9864,2024-09-01,2024-09-08,38.97407826910101,0.4717721357435366,411.68122077505024,3.3721066741976227,0
Gwalior,26.2183,78.1828,2020-06-15,2020-06-22,7.501410609914517,0.1396033468954294,217.5358915264768,4.228749614983086,0
Gwalior,26.2183,78.1828,2020-07-01,2020-07-08,17.644523937798553,0.2074944409134224,217.5358915264768,4.228749614983086,0
Gwalior,26.2183,78.1828,2020-07-20,2020-07-27,59.69328937128266,0.3332467542172874,217.5358915264768,4.228749614983086,0
Gwalior,26.2183,78.1828,2020-08-05,2020-08-12,85.461638124714,0.3955201922531107,217.5358915264768,4.228749614983086,0
Gwalior,26.2183,78.1828,2020-09-01,2020-09-08,44.928816864737726,0.3578342433684873,217.5358915264768,4.228749614983086,0
Gwalior,26.2183,78.1828,2021-06-15,2021-06-22,12.56191091512335,0.1472046964502804,217.5358915264768,4.228749614983086,0
Gwalior,26.2183,78.1828,2021-07-01,2021-07-08,13.064596135251762,0.1378527891448788,217.5358915264768,4.228749614983086,0
Gwalior,26.2183,78.1828,2021-07-15,2021-07-22,51.107568424573486,0.3044421063296558,217.5358915264768,4.228749614983086,0
Gwalior,26.2183,78.1828,2021-08-01,2021-08-08,87.60388272441334,0.4069593879383085,217.5358915264768,4.228749614983086,0
Gwalior,26.2183,78.1828,2021-09-01,2021-09-08,42.0941156134245,0.3754540036478776,217.5358915264768,4.228749614983086,0
Gwalior,26.2183,78.1828,2022-06-15,2022-06-22,21.02614732728273,0.2138218617115796,217.5358915264768,4.228749614983086,0
Gwalior,26.2183,78.1828,2022-07-01,2022-07-08,44.25757785706613,0.323216810858164,217.5358915264768,4.228749614983086,0
Gwalior,26.2183,78.1828,2022-07-20,2022-07-27,104.61943878917997,0.3859876844279783,217.5358915264768,4.228749614983086,0
Gwalior,26.2183,78.1828,2022-08-01,2022-08-08,93.67248126383616,0.388899280784548,217.5358915264768,4.228749614983086,0
Gwalior,26.2183,78.1828,2022-09-01,2022-09-08,23.884549563044192,0.328827099776008,217.5358915264768,4.228749614983086,0
Gwalior,26.2183,78.1828,2023-06-15,2023-06-22,29.93400824861912,0.2322183785586954,217.5358915264768,4.228749614983086,0
Gwalior,26.2183,78.1828,2023-07-01,2023-07-08,70.55188139092525,0.3856037984220358,217.5358915264768,4.228749614983086,0
Gwalior,26.2183,78.1828,2023-07-25,2023-08-01,67.39247744883723,0.4071963959217198,217.5358915264768,4.228749614983086,0
Gwalior,26.2183,78.1828,2023-08-05,2023-08-12,20.547215201607493,0.3695441158758449,217.5358915264768,4.228749614983086,0
Gwalior,26.2183,78.1828,2023-09-01,2023-09-08,25.307158547252257,0.2933245083219544,217.5358915264768,4.228749614983086,0
Gwalior,26.2183,78.1828,2024-06-15,2024-06-22,16.732697768398207,0.1389055834326474,217.5358915264768,4.228749614983086,0
Gwalior,26.2183,78.1828,2024-07-01,2024-07-08,101.0921574609351,0.4013019459271057,217.5358915264768,4.228749614983086,0
Gwalior,26.2183,78.1828,2024-07-20,2024-07-27,28.211472465367645,0.3982338924362293,217.5358915264768,4.228749614983086,0
Gwalior,26.2183,78.1828,2024-08-01,2024-08-08,40.92286687793966,0.3974408124095108,217.5358915264768,4.228749614983086,0
Gwalior,26.2183,78.1828,2024-09-01,2024-09-08,57.35632370779512,0.4093274267216444,217.5358915264768,4.228749614983086,0
Raipur,21.2514,81.6296,2020-06-15,2020-06-22,131.08692850854578,0.3927220325460662,283.2398109799998,2.60330869096304,0
Raipur,21.2514,81.6296,2020-07-01,2020-07-08,74.9594013372941,0.3955756902013173,283.2398109799998,2.60330869096304,0
Raipur,21.2514,81.6296,2020-07-20,2020-07-27,61.78724735749357,0.4171699412753539,283.2398109799998,2.60330869096304,0
Raipur,21.2514,81.6296,2020-08-05,2020-08-12,50.38010814533983,0.4194835727204673,283.2398109799998,2.60330869096304,0
Raipur,21.2514,81.6296,2020-09-01,2020-09-08,44.47939229498103,0.4005873938829573,283.2398109799998,2.60330869096304,0
Raipur,21.2514,81.6296,2021-06-15,2021-06-22,50.37505921399975,0.3994475127114233,283.2398109799998,2.60330869096304,0
Raipur,21.2514,81.6296,2021-07-01,2021-07-08,81.94832672773921,0.412427943312855,283.2398109799998,2.60330869096304,0
Raipur,21.2514,81.6296,2021-07-15,2021-07-22,51.5471137378028,0.38869928108518,283.2398109799998,2.60330869096304,0
Raipur,21.2514,81.6296,2021-08-01,2021-08-08,26.819589825135274,0.4042216313398092,283.2398109799998,2.60330869096304,0
Raipur,21.2514,81.6296,2021-09-01,2021-09-08,78.66548666748986,0.4141739666615703,283.2398109799998,2.60330869096304,0
Raipur,21.2514,81.6296,2022-06-15,2022-06-22,87.56500973600252,0.2935932973002503,283.2398109799998,2.60330869096304,0
Raipur,21.2514,81.6296,2022-07-01,2022-07-08,109.8402869857782,0.4122843077132402,283.2398109799998,2.60330869096304,0
Raipur,21.2514,81.6296,2022-07-20,2022-07-27,99.20533887898608,0.4217346006296489,283.2398109799998,2.60330869096304,0
Raipur,21.2514,81.6296,2022-08-01,2022-08-08,111.4935053107342,0.4094452040469571,283.2398109799998,2.60330869096304,0
Raipur,21.2514,81.6296,2022-09-01,2022-09-08,43.29202565655068,0.4073814167883625,283.2398109799998,2.60330869096304,0
Raipur,21.2514,81.6296,2023-06-15,2023-06-22,12.296748893254,0.1278935001375684,283.2398109799998,2.60330869096304,0
Raipur,21.2514,81.6296,2023-07-01,2023-07-08,91.77793936079512,0.3739173650857935,283.2398109799998,2.60330869096304,0
Raipur,21.2514,81.6296,2023-07-25,2023-08-01,127.8373126066113,0.4185349426450384,283.2398109799998,2.60330869096304,0
Raipur,21.2514,81.6296,2023-08-05,2023-08-12,23.757356258940067,0.3916495214868005,283.2398109799998,2.60330869096304,0
Raipur,21.2514,81.6296,2023-09-01,2023-09-08,92.97816087309889,0.3820475970801968,283.2398109799998,2.60330869096304,0
Raipur,21.2514,81.6296,2024-06-15,2024-06-22,63.10775216744869,0.2044548592390911,283.2398109799998,2.60330869096304,0
Raipur,21.2514,81.6296,2024-07-01,2024-07-08,68.36157670834321,0.4039122315453143,283.2398109799998,2.60330869096304,0
Raipur,21.2514,81.6296,2024-07-20,2024-07-27,133.55871608862026,0.4262302744166667,283.2398109799998,2.60330869096304,0
Raipur,21.2514,81.6296,2024-08-01,2024-08-08,157.5704060431472,0.4245349944140683,283.2398109799998,2.60330869096304,0
Raipur,21.2514,81.6296,2024-09-01,2024-09-08,57.99837264166628,0.4090278573359671,283.2398109799998,2.60330869096304,0
